-0.0723992, -0.0129724, 0.997291, 0.0946354, -0.231494, 0.972827, -0.00415137, 0.333952, -0.970139, -0.231168, -0.0734349, 0.839566, 0, 0, 0, 1
-0.0724263, -0.012977, 0.997289, 0.0946388, -0.231503, 0.972825, -0.00415382, 0.333951, -0.970134, -0.231177, -0.0734624, 0.839563, 0, 0, 0, 1
-0.0725078, -0.012991, 0.997283, 0.0946491, -0.231531, 0.972819, -0.00416119, 0.333949, -0.970122, -0.231204, -0.0735447, 0.839552, 0, 0, 0, 1
-0.0726435, -0.0130144, 0.997273, 0.0946663, -0.231577, 0.972808, -0.00417348, 0.333945, -0.970101, -0.231249, -0.073682, 0.839534, 0, 0, 0, 1
-0.0728336, -0.013047, 0.997259, 0.0946903, -0.231641, 0.972792, -0.00419069, 0.333941, -0.970071, -0.231311, -0.0738742, 0.839509, 0, 0, 0, 1
-0.0730779, -0.0130891, 0.99724, 0.0947212, -0.231724, 0.972773, -0.00421284, 0.333935, -0.970033, -0.231392, -0.0741212, 0.839477, 0, 0, 0, 1
-0.0733765, -0.0131404, 0.997218, 0.0947589, -0.231825, 0.972748, -0.00423994, 0.333927, -0.969986, -0.231491, -0.0744232, 0.839438, 0, 0, 0, 1
-0.0737294, -0.0132012, 0.997191, 0.0948035, -0.231944, 0.97272, -0.00427201, 0.333918, -0.969931, -0.231607, -0.07478, 0.839391, 0, 0, 0, 1
-0.0741366, -0.0132714, 0.99716, 0.094855, -0.232082, 0.972687, -0.00430907, 0.333908, -0.969867, -0.231742, -0.0751918, 0.839338, 0, 0, 0, 1
-0.0745981, -0.013351, 0.997124, 0.0949134, -0.232238, 0.972649, -0.00435114, 0.333896, -0.969794, -0.231894, -0.0756584, 0.839277, 0, 0, 0, 1
-0.0751138, -0.0134401, 0.997084, 0.0949786, -0.232412, 0.972608, -0.00439825, 0.333884, -0.969713, -0.232065, -0.0761798, 0.839209, 0, 0, 0, 1
-0.0756837, -0.0135386, 0.99704, 0.0950507, -0.232604, 0.972561, -0.00445042, 0.333869, -0.969622, -0.232253, -0.0767562, 0.839134, 0, 0, 0, 1
-0.0763079, -0.0136466, 0.996991, 0.0951296, -0.232815, 0.972511, -0.0045077, 0.333854, -0.969523, -0.232459, -0.0773873, 0.839052, 0, 0, 0, 1
-0.0769862, -0.0137642, 0.996937, 0.0952154, -0.233044, 0.972455, -0.00457011, 0.333837, -0.969414, -0.232682, -0.0780734, 0.838963, 0, 0, 0, 1
-0.0777188, -0.0138914, 0.996879, 0.0953081, -0.233292, 0.972396, -0.00463769, 0.333818, -0.969296, -0.232924, -0.0788142, 0.838866, 0, 0, 0, 1
-0.0785056, -0.0140282, 0.996815, 0.0954076, -0.233557, 0.972332, -0.0047105, 0.333799, -0.969169, -0.233183, -0.0796098, 0.838763, 0, 0, 0, 1
-0.0793465, -0.0141747, 0.996746, 0.095514, -0.233841, 0.972263, -0.00478856, 0.333777, -0.969032, -0.23346, -0.0804603, 0.838652, 0, 0, 0, 1
-0.0802415, -0.0143309, 0.996672, 0.0956272, -0.234143, 0.97219, -0.00487194, 0.333755, -0.968885, -0.233755, -0.0813655, 0.838534, 0, 0, 0, 1
-0.0811907, -0.0144968, 0.996593, 0.0957474, -0.234464, 0.972112, -0.00496067, 0.333731, -0.968728, -0.234068, -0.0823255, 0.838409, 0, 0, 0, 1
-0.082194, -0.0146726, 0.996508, 0.0958743, -0.234802, 0.97203, -0.00505483, 0.333706, -0.968562, -0.234398, -0.0833402, 0.838277, 0, 0, 0, 1
-0.0832513, -0.0148582, 0.996418, 0.0960082, -0.235159, 0.971943, -0.00515445, 0.33368, -0.968385, -0.234746, -0.0844096, 0.838138, 0, 0, 0, 1
-0.0843627, -0.0150537, 0.996321, 0.0961489, -0.235534, 0.971852, -0.00525961, 0.333652, -0.968198, -0.235111, -0.0855337, 0.837991, 0, 0, 0, 1
-0.0855281, -0.0152593, 0.996219, 0.0962965, -0.235927, 0.971756, -0.00537037, 0.333622, -0.968, -0.235494, -0.0867125, 0.837837, 0, 0, 0, 1
-0.0867475, -0.0154749, 0.99611, 0.0964509, -0.236338, 0.971655, -0.00548679, 0.333592, -0.967791, -0.235894, -0.087946, 0.837677, 0, 0, 0, 1
-0.0880208, -0.0157006, 0.995995, 0.0966122, -0.236767, 0.97155, -0.00560894, 0.33356, -0.967571, -0.236312, -0.089234, 0.837509, 0, 0, 0, 1
-0.0893481, -0.0159365, 0.995873, 0.0967804, -0.237214, 0.97144, -0.0057369, 0.333527, -0.96734, -0.236748, -0.0905767, 0.837334, 0, 0, 0, 1
-0.0907292, -0.0161827, 0.995744, 0.0969554, -0.237679, 0.971326, -0.00587075, 0.333492, -0.967097, -0.2372, -0.0919739, 0.837152, 0, 0, 0, 1
-0.0921642, -0.0164392, 0.995608, 0.0971373, -0.238162, 0.971207, -0.00601055, 0.333456, -0.966843, -0.23767, -0.0934257, 0.836962, 0, 0, 0, 1
-0.093653, -0.0167061, 0.995465, 0.0973261, -0.238663, 0.971083, -0.00615639, 0.333418, -0.966576, -0.238158, -0.0949319, 0.836766, 0, 0, 0, 1
-0.0951955, -0.0169836, 0.995314, 0.0975217, -0.239182, 0.970954, -0.00630837, 0.33338, -0.966297, -0.238662, -0.0964926, 0.836562, 0, 0, 0, 1
-0.0967917, -0.0172716, 0.995155, 0.0977242, -0.239719, 0.970821, -0.00646655, 0.33334, -0.966005, -0.239184, -0.0981078, 0.836352, 0, 0, 0, 1
-0.0984417, -0.0175703, 0.994988, 0.0979336, -0.240274, 0.970682, -0.00663105, 0.333298, -0.965701, -0.239722, -0.0997773, 0.836134, 0, 0, 0, 1
-0.100145, -0.0178797, 0.994812, 0.0981498, -0.240847, 0.970539, -0.00680194, 0.333255, -0.965383, -0.240278, -0.101501, 0.835909, 0, 0, 0, 1
-0.101902, -0.0182, 0.994628, 0.0983729, -0.241437, 0.970391, -0.00697933, 0.333211, -0.965051, -0.240851, -0.103279, 0.835676, 0, 0, 0, 1
-0.103713, -0.0185313, 0.994435, 0.0986028, -0.242045, 0.970239, -0.00716332, 0.333165, -0.964706, -0.241441, -0.105112, 0.835437, 0, 0, 0, 1
-0.105577, -0.0188735, 0.994232, 0.0988396, -0.242671, 0.970081, -0.007354, 0.333119, -0.964347, -0.242047, -0.106998, 0.835191, 0, 0, 0, 1
-0.107494, -0.019227, 0.99402, 0.0990833, -0.243314, 0.969918, -0.00755149, 0.33307, -0.963973, -0.242671, -0.108939, 0.834937, 0, 0, 0, 1
-0.109465, -0.0195916, 0.993798, 0.0993338, -0.243975, 0.96975, -0.00775589, 0.333021, -0.963584, -0.243311, -0.110934, 0.834676, 0, 0, 0, 1
-0.111489, -0.0199677, 0.993565, 0.0995912, -0.244654, 0.969578, -0.00796732, 0.33297, -0.963179, -0.243968, -0.112983, 0.834408, 0, 0, 0, 1
-0.113567, -0.0203552, 0.993322, 0.0998555, -0.24535, 0.9694, -0.00818589, 0.332917, -0.96276, -0.244641, -0.115086, 0.834133, 0, 0, 0, 1
-0.115697, -0.0207542, 0.993068, 0.100127, -0.246063, 0.969217, -0.00841171, 0.332864, -0.962324, -0.245331, -0.117242, 0.833851, 0, 0, 0, 1
-0.11788, -0.021165, 0.992802, 0.100405, -0.246794, 0.969029, -0.00864491, 0.332808, -0.961871, -0.246037, -0.119453, 0.833562, 0, 0, 0, 1
-0.120117, -0.0215876, 0.992525, 0.100689, -0.247543, 0.968836, -0.00888561, 0.332752, -0.961402, -0.24676, -0.121717, 0.833265, 0, 0, 0, 1
-0.122406, -0.022022, 0.992236, 0.100981, -0.248308, 0.968638, -0.00913394, 0.332694, -0.960916, -0.247499, -0.124035, 0.832962, 0, 0, 0, 1
-0.124748, -0.0224686, 0.991934, 0.10128, -0.249091, 0.968434, -0.00939002, 0.332635, -0.960412, -0.248254, -0.126407, 0.832651, 0, 0, 0, 1
-0.127143, -0.0229273, 0.991619, 0.101585, -0.249891, 0.968226, -0.00965399, 0.332575, -0.95989, -0.249025, -0.128832, 0.832333, 0, 0, 0, 1
-0.12959, -0.0233983, 0.991292, 0.101898, -0.250709, 0.968012, -0.00992598, 0.332513, -0.95935, -0.249812, -0.131311, 0.832008, 0, 0, 0, 1
-0.13209, -0.0238817, 0.99095, 0.102217, -0.251543, 0.967792, -0.0102061, 0.332449, -0.95879, -0.250615, -0.133843, 0.831676, 0, 0, 0, 1
-0.134642, -0.0243777, 0.990594, 0.102543, -0.252394, 0.967568, -0.0104946, 0.332385, -0.958211, -0.251433, -0.136428, 0.831337, 0, 0, 0, 1
-0.137247, -0.0248863, 0.990224, 0.102876, -0.253262, 0.967337, -0.0107915, 0.332319, -0.957612, -0.252268, -0.139067, 0.83099, 0, 0, 0, 1
-0.139904, -0.0254078, 0.989839, 0.103215, -0.254147, 0.967102, -0.0110969, 0.332252, -0.956993, -0.253118, -0.141758, 0.830636, 0, 0, 0, 1
-0.142612, -0.0259423, 0.989439, 0.103562, -0.255049, 0.966861, -0.0114111, 0.332183, -0.956353, -0.253983, -0.144503, 0.830276, 0, 0, 0, 1
-0.145373, -0.0264899, 0.989022, 0.103916, -0.255968, 0.966614, -0.0117342, 0.332113, -0.955692, -0.254864, -0.1473, 0.829908, 0, 0, 0, 1
-0.148186, -0.0270507, 0.988589, 0.104276, -0.256903, 0.966362, -0.0120664, 0.332041, -0.955009, -0.25576, -0.150151, 0.829533, 0, 0, 0, 1
-0.151091, -0.0276459, 0.988133, 0.104628, -0.257879, 0.966098, -0.0124016, 0.331962, -0.95429, -0.256692, -0.153098, 0.829138, 0, 0, 0, 1
-0.154064, -0.0282633, 0.987657, 0.104982, -0.25888, 0.965825, -0.0127439, 0.331879, -0.953544, -0.257648, -0.156116, 0.828732, 0, 0, 0, 1
-0.157089, -0.0288951, 0.987162, 0.105342, -0.259899, 0.965547, -0.0130958, 0.331794, -0.952773, -0.25862, -0.159187, 0.828318, 0, 0, 0, 1
-0.160166, -0.0295415, 0.986648, 0.105708, -0.260935, 0.965263, -0.0134573, 0.331708, -0.951977, -0.259606, -0.162311, 0.827896, 0, 0, 0, 1
-0.163296, -0.0302025, 0.986115, 0.106081, -0.261987, 0.964972, -0.0138288, 0.33162, -0.951156, -0.260607, -0.165488, 0.827468, 0, 0, 0, 1
-0.166477, -0.0308784, 0.985562, 0.10646, -0.263056, 0.964676, -0.0142103, 0.331531, -0.950309, -0.261624, -0.168719, 0.827031, 0, 0, 0, 1
-0.16971, -0.0315694, 0.984988, 0.106846, -0.264142, 0.964373, -0.014602, 0.33144, -0.949435, -0.262655, -0.172003, 0.826588, 0, 0, 0, 1
-0.172995, -0.0322756, 0.984394, 0.107238, -0.265244, 0.964065, -0.0150042, 0.331348, -0.948535, -0.2637, -0.175339, 0.826136, 0, 0, 0, 1
-0.17633, -0.0329971, 0.983778, 0.107637, -0.266363, 0.96375, -0.015417, 0.331254, -0.947607, -0.26476, -0.178728, 0.825678, 0, 0, 0, 1
-0.179717, -0.0337342, 0.98314, 0.108042, -0.267498, 0.963428, -0.0158406, 0.331159, -0.94665, -0.265835, -0.182169, 0.825212, 0, 0, 0, 1
-0.183155, -0.034487, 0.982479, 0.108454, -0.268649, 0.963101, -0.0162752, 0.331062, -0.945665, -0.266923, -0.185662, 0.824738, 0, 0, 0, 1
-0.186644, -0.0352558, 0.981795, 0.108872, -0.269817, 0.962766, -0.0167211, 0.330964, -0.94465, -0.268026, -0.189207, 0.824257, 0, 0, 0, 1
-0.190183, -0.0360406, 0.981087, 0.109297, -0.271, 0.962426, -0.0171782, 0.330864, -0.943604, -0.269142, -0.192805, 0.823768, 0, 0, 0, 1
-0.193773, -0.0368417, 0.980354, 0.109728, -0.2722, 0.962079, -0.017647, 0.330762, -0.942528, -0.270272, -0.196453, 0.823272, 0, 0, 0, 1
-0.197413, -0.0376592, 0.979597, 0.110166, -0.273415, 0.961725, -0.0181276, 0.330659, -0.941421, -0.271415, -0.200153, 0.822769, 0, 0, 0, 1
-0.201102, -0.0384933, 0.978814, 0.11061, -0.274646, 0.961365, -0.0186202, 0.330555, -0.940281, -0.272571, -0.203905, 0.822258, 0, 0, 0, 1
-0.204842, -0.0393443, 0.978004, 0.111061, -0.275892, 0.960998, -0.019125, 0.330449, -0.939108, -0.273741, -0.207707, 0.82174, 0, 0, 0, 1
-0.20863, -0.0402122, 0.977168, 0.111518, -0.277154, 0.960625, -0.0196422, 0.330341, -0.937902, -0.274924, -0.21156, 0.821214, 0, 0, 0, 1
-0.212468, -0.0410974, 0.976303, 0.111982, -0.278431, 0.960244, -0.020172, 0.330232, -0.936661, -0.276119, -0.215464, 0.820681, 0, 0, 0, 1
-0.216354, -0.0419999, 0.975411, 0.112452, -0.279723, 0.959857, -0.0207147, 0.330122, -0.935385, -0.277326, -0.219418, 0.82014, 0, 0, 0, 1
-0.220289, -0.04292, 0.97449, 0.112928, -0.28103, 0.959463, -0.0212704, 0.330009, -0.934074, -0.278547, -0.223421, 0.819592, 0, 0, 0, 1
-0.22428, -0.043862, 0.973537, 0.113409, -0.282357, 0.959061, -0.0218385, 0.329895, -0.932724, -0.279783, -0.227483, 0.819034, 0, 0, 0, 1
-0.228389, -0.0448638, 0.972536, 0.113868, -0.283743, 0.958638, -0.0224111, 0.329767, -0.931305, -0.281069, -0.231672, 0.818449, 0, 0, 0, 1
-0.232546, -0.0458847, 0.971502, 0.114334, -0.285145, 0.958208, -0.0229977, 0.329637, -0.929847, -0.282367, -0.235912, 0.817856, 0, 0, 0, 1
-0.236752, -0.0469248, 0.970436, 0.114806, -0.286562, 0.957771, -0.0235984, 0.329505, -0.928349, -0.283677, -0.240201, 0.817256, 0, 0, 0, 1
-0.241005, -0.0479844, 0.969337, 0.115284, -0.287994, 0.957326, -0.0242136, 0.329372, -0.92681, -0.284998, -0.244539, 0.816647, 0, 0, 0, 1
-0.245306, -0.0490636, 0.968203, 0.115768, -0.28944, 0.956874, -0.0248434, 0.329237, -0.92523, -0.286331, -0.248927, 0.816031, 0, 0, 0, 1
-0.249653, -0.0501628, 0.967035, 0.116258, -0.290901, 0.956414, -0.0254882, 0.329101, -0.923607, -0.287675, -0.253364, 0.815407, 0, 0, 0, 1
-0.254047, -0.051282, 0.965831, 0.116755, -0.292376, 0.955946, -0.0261481, 0.328963, -0.921941, -0.289029, -0.257849, 0.814776, 0, 0, 0, 1
-0.258488, -0.0524215, 0.964591, 0.117257, -0.293865, 0.95547, -0.0268233, 0.328823, -0.920232, -0.290394, -0.262383, 0.814136, 0, 0, 0, 1
-0.262975, -0.0535815, 0.963314, 0.117765, -0.295369, 0.954987, -0.0275143, 0.328681, -0.918478, -0.291768, -0.266964, 0.813489, 0, 0, 0, 1
-0.267507, -0.0547622, 0.961999, 0.11828, -0.296886, 0.954496, -0.0282211, 0.328538, -0.916678, -0.293153, -0.271592, 0.812835, 0, 0, 0, 1
-0.272084, -0.0559639, 0.960645, 0.1188, -0.298417, 0.953997, -0.028944, 0.328393, -0.914832, -0.294548, -0.276267, 0.812172, 0, 0, 0, 1
-0.276705, -0.0571867, 0.959252, 0.119327, -0.299961, 0.953489, -0.0296834, 0.328246, -0.912939, -0.295952, -0.280989, 0.811502, 0, 0, 0, 1
-0.281371, -0.0584309, 0.957818, 0.11986, -0.301519, 0.952974, -0.0304395, 0.328098, -0.910998, -0.297365, -0.285757, 0.810824, 0, 0, 0, 1
-0.286081, -0.0596966, 0.956344, 0.120399, -0.303089, 0.952451, -0.0312124, 0.327948, -0.909008, -0.298787, -0.290571, 0.810138, 0, 0, 0, 1
-0.290833, -0.0609841, 0.954828, 0.120944, -0.304672, 0.951919, -0.0320025, 0.327796, -0.906968, -0.300217, -0.29543, 0.809444, 0, 0, 0, 1
-0.295629, -0.0622936, 0.95327, 0.121495, -0.306268, 0.95138, -0.0328101, 0.327643, -0.904877, -0.301656, -0.300334, 0.808743, 0, 0, 0, 1
-0.30054, -0.0636746, 0.951642, 0.122022, -0.307928, 0.950815, -0.0336279, 0.327475, -0.902694, -0.303143, -0.305365, 0.808015, 0, 0, 0, 1
-0.305511, -0.065092, 0.949961, 0.122547, -0.309614, 0.950238, -0.0344621, 0.327302, -0.900446, -0.30465, -0.310462, 0.807273, 0, 0, 0, 1
-0.310525, -0.0665331, 0.948234, 0.123078, -0.311312, 0.949651, -0.035315, 0.327127, -0.898142, -0.306163, -0.315603, 0.806524, 0, 0, 0, 1
-0.315579, -0.0679983, 0.94646, 0.123615, -0.313023, 0.949056, -0.0361868, 0.32695, -0.895783, -0.307683, -0.320787, 0.805766, 0, 0, 0, 1
-0.320674, -0.0694876, 0.944637, 0.124158, -0.314745, 0.948452, -0.0370779, 0.326772, -0.893366, -0.30921, -0.326015, 0.805001, 0, 0, 0, 1
-0.32581, -0.0710013, 0.942766, 0.124706, -0.31648, 0.947838, -0.0379886, 0.326591, -0.890892, -0.310743, -0.331285, 0.804227, 0, 0, 0, 1
-0.330984, -0.0725397, 0.940844, 0.125259, -0.318226, 0.947216, -0.0389191, 0.326409, -0.888359, -0.312282, -0.336597, 0.803446, 0, 0, 0, 1
-0.336197, -0.0741029, 0.938872, 0.125819, -0.319983, 0.946584, -0.0398697, 0.326225, -0.885767, -0.313827, -0.34195, 0.802656, 0, 0, 0, 1
-0.341448, -0.0756913, 0.936848, 0.126384, -0.321751, 0.945943, -0.0408407, 0.326038, -0.883114, -0.315376, -0.347344, 0.801859, 0, 0, 0, 1
-0.34671, -0.0772968, 0.934782, 0.126952, -0.323521, 0.945296, -0.0418275, 0.325851, -0.880413, -0.316923, -0.352751, 0.801057, 0, 0, 0, 1
-0.351957, -0.0789116, 0.932684, 0.12752, -0.325283, 0.944646, -0.0428251, 0.325664, -0.877677, -0.318459, -0.358144, 0.800256, 0, 0, 0, 1
-0.357188, -0.0805355, 0.930554, 0.128088, -0.327039, 0.943994, -0.0438335, 0.325477, -0.874907, -0.319984, -0.363522, 0.799454, 0, 0, 0, 1
-0.362404, -0.0821686, 0.928392, 0.128656, -0.328787, 0.943338, -0.0448527, 0.32529, -0.872102, -0.321498, -0.368885, 0.798653, 0, 0, 0, 1
-0.367621, -0.0838246, 0.92619, 0.129216, -0.330542, 0.942675, -0.0458812, 0.3251, -0.869251, -0.323012, -0.374255, 0.797847, 0, 0, 0, 1
-0.372899, -0.0855512, 0.923919, 0.129741, -0.332351, 0.941988, -0.0469148, 0.324895, -0.866307, -0.32456, -0.3797, 0.797021, 0, 0, 0, 1
-0.378161, -0.0872871, 0.921616, 0.130267, -0.334153, 0.941298, -0.0479596, 0.32469, -0.863329, -0.326097, -0.385129, 0.796195, 0, 0, 0, 1
-0.383404, -0.0890323, 0.919279, 0.130793, -0.335947, 0.940605, -0.0490158, 0.324485, -0.860314, -0.327622, -0.390542, 0.79537, 0, 0, 0, 1
-0.38863, -0.0907869, 0.91691, 0.131319, -0.337733, 0.939909, -0.0500832, 0.32428, -0.857265, -0.329134, -0.395939, 0.794544, 0, 0, 0, 1
-0.393838, -0.0925506, 0.914509, 0.131844, -0.339511, 0.93921, -0.0511618, 0.324075, -0.85418, -0.330635, -0.401319, 0.793719, 0, 0, 0, 1
-0.399028, -0.0943234, 0.912074, 0.13237, -0.341281, 0.938508, -0.0522517, 0.32387, -0.85106, -0.332124, -0.406682, 0.792893, 0, 0, 0, 1
-0.404199, -0.0961053, 0.909608, 0.132896, -0.343043, 0.937803, -0.0533526, 0.323665, -0.847906, -0.3336, -0.412028, 0.792068, 0, 0, 0, 1
-0.409352, -0.0978962, 0.907109, 0.133421, -0.344797, 0.937096, -0.0544646, 0.32346, -0.844716, -0.335064, -0.417356, 0.791242, 0, 0, 0, 1
-0.414486, -0.0996959, 0.904578, 0.133947, -0.346543, 0.936386, -0.0555877, 0.323255, -0.841492, -0.336516, -0.422668, 0.790416, 0, 0, 0, 1
-0.419601, -0.101505, 0.902016, 0.134473, -0.348281, 0.935673, -0.0567217, 0.32305, -0.838234, -0.337955, -0.427961, 0.789591, 0, 0, 0, 1
-0.424696, -0.103322, 0.899421, 0.134999, -0.35001, 0.934957, -0.0578667, 0.322845, -0.834941, -0.339382, -0.433237, 0.788765, 0, 0, 0, 1
-0.429773, -0.105148, 0.896794, 0.135524, -0.351731, 0.934239, -0.0590226, 0.32264, -0.831613, -0.340796, -0.438494, 0.78794, 0, 0, 0, 1
-0.434855, -0.107006, 0.89412, 0.136038, -0.353467, 0.933509, -0.0601881, 0.32243, -0.828228, -0.342215, -0.443764, 0.787108, 0, 0, 0, 1
-0.439982, -0.108933, 0.891375, 0.13652, -0.355251, 0.932755, -0.061362, 0.322207, -0.82475, -0.34366, -0.449094, 0.786261, 0, 0, 0, 1
-0.445088, -0.110868, 0.888597, 0.137003, -0.357026, 0.931998, -0.0625474, 0.321983, -0.821236, -0.345092, -0.454404, 0.785414, 0, 0, 0, 1
-0.450173, -0.112812, 0.885787, 0.137485, -0.358793, 0.931238, -0.0637442, 0.32176, -0.817687, -0.34651, -0.459694, 0.784567, 0, 0, 0, 1
-0.455236, -0.114765, 0.882944, 0.137968, -0.36055, 0.930475, -0.0649524, 0.321536, -0.814103, -0.347914, -0.464964, 0.78372, 0, 0, 0, 1
-0.460277, -0.116727, 0.880068, 0.13845, -0.362299, 0.92971, -0.0661719, 0.321313, -0.810484, -0.349305, -0.470214, 0.782873, 0, 0, 0, 1
-0.465296, -0.118697, 0.87716, 0.138933, -0.364038, 0.928942, -0.0674028, 0.321089, -0.806831, -0.350682, -0.475443, 0.782026, 0, 0, 0, 1
-0.470293, -0.120676, 0.87422, 0.139415, -0.365768, 0.928171, -0.0686449, 0.320866, -0.803142, -0.352046, -0.480652, 0.781179, 0, 0, 0, 1
-0.475268, -0.122663, 0.871248, 0.139897, -0.367489, 0.927397, -0.0698981, 0.320643, -0.79942, -0.353395, -0.48584, 0.780332, 0, 0, 0, 1
-0.48022, -0.124659, 0.868245, 0.14038, -0.369201, 0.926621, -0.0711625, 0.320419, -0.795663, -0.35473, -0.491006, 0.779485, 0, 0, 0, 1
-0.48515, -0.126663, 0.865209, 0.140862, -0.370903, 0.925842, -0.072438, 0.320196, -0.791872, -0.356052, -0.496152, 0.778638, 0, 0, 0, 1
-0.490056, -0.128675, 0.862141, 0.141345, -0.372595, 0.925061, -0.0737245, 0.319972, -0.788047, -0.357359, -0.501275, 0.777791, 0, 0, 0, 1
-0.49494, -0.130695, 0.859042, 0.141827, -0.374278, 0.924277, -0.075022, 0.319749, -0.784188, -0.358652, -0.506377, 0.776945, 0, 0, 0, 1
-0.499859, -0.132787, 0.855867, 0.142279, -0.376012, 0.923466, -0.0763301, 0.319512, -0.780229, -0.35997, -0.511532, 0.776085, 0, 0, 0, 1
-0.504778, -0.134914, 0.852642, 0.142717, -0.37776, 0.922642, -0.0776496, 0.31927, -0.776207, -0.36129, -0.516694, 0.775219, 0, 0, 0, 1
-0.509672, -0.13705, 0.849383, 0.143155, -0.379498, 0.921815, -0.0789807, 0.319028, -0.77215, -0.362594, -0.521833, 0.774353, 0, 0, 0, 1
-0.514541, -0.139194, 0.846093, 0.143594, -0.381226, 0.920986, -0.0803234, 0.318785, -0.768059, -0.363883, -0.526949, 0.773488, 0, 0, 0, 1
-0.519384, -0.141346, 0.84277, 0.144032, -0.382944, 0.920154, -0.0816775, 0.318543, -0.763933, -0.365156, -0.532041, 0.772622, 0, 0, 0, 1
-0.524202, -0.143506, 0.839415, 0.14447, -0.384652, 0.919319, -0.083043, 0.3183, -0.759773, -0.366414, -0.537109, 0.771757, 0, 0, 0, 1
-0.528994, -0.145674, 0.836029, 0.144909, -0.386349, 0.918481, -0.0844199, 0.318058, -0.755579, -0.367656, -0.542152, 0.770891, 0, 0, 0, 1
-0.53376, -0.14785, 0.832611, 0.145347, -0.388035, 0.917641, -0.085808, 0.317816, -0.751352, -0.368883, -0.547171, 0.770026, 0, 0, 0, 1
-0.538499, -0.150033, 0.829161, 0.145785, -0.389711, 0.916799, -0.0872074, 0.317573, -0.74709, -0.370095, -0.552165, 0.76916, 0, 0, 0, 1
-0.543212, -0.152224, 0.82568, 0.146224, -0.391377, 0.915954, -0.0886179, 0.317331, -0.742795, -0.371291, -0.557134, 0.768295, 0, 0, 0, 1
-0.547898, -0.154423, 0.822168, 0.146662, -0.393031, 0.915106, -0.0900395, 0.317089, -0.738467, -0.372471, -0.562078, 0.767429, 0, 0, 0, 1
-0.552558, -0.156629, 0.818625, 0.1471, -0.394675, 0.914256, -0.0914721, 0.316846, -0.734106, -0.373635, -0.566997, 0.766564, 0, 0, 0, 1
-0.557223, -0.158886, 0.81502, 0.147519, -0.396347, 0.913387, -0.0929172, 0.316595, -0.729666, -0.374806, -0.571934, 0.765691, 0, 0, 0, 1
-0.561902, -0.161206, 0.811344, 0.147913, -0.398058, 0.912493, -0.0943758, 0.316334, -0.725131, -0.375992, -0.576901, 0.76481, 0, 0, 0, 1
-0.566553, -0.163533, 0.807635, 0.148306, -0.399759, 0.911596, -0.0958459, 0.316072, -0.720563, -0.377161, -0.581841, 0.763929, 0, 0, 0, 1
-0.571175, -0.165868, 0.803895, 0.1487, -0.401447, 0.910696, -0.0973277, 0.31581, -0.71596, -0.378312, -0.586754, 0.763048, 0, 0, 0, 1
-0.575767, -0.16821, 0.800123, 0.149093, -0.403124, 0.909794, -0.098821, 0.315548, -0.711325, -0.379447, -0.591639, 0.762167, 0, 0, 0, 1
-0.58033, -0.17056, 0.79632, 0.149487, -0.40479, 0.908889, -0.100326, 0.315286, -0.706656, -0.380564, -0.596497, 0.761285, 0, 0, 0, 1
-0.584863, -0.172917, 0.792486, 0.149881, -0.406443, 0.907982, -0.101842, 0.315024, -0.701954, -0.381664, -0.601326, 0.760404, 0, 0, 0, 1
-0.589366, -0.175281, 0.788622, 0.150274, -0.408085, 0.907073, -0.103369, 0.314762, -0.697219, -0.382747, -0.606128, 0.759523, 0, 0, 0, 1
-0.593839, -0.177651, 0.784726, 0.150668, -0.409715, 0.906161, -0.104908, 0.314501, -0.692451, -0.383813, -0.6109, 0.758642, 0, 0, 0, 1
-0.598281, -0.180029, 0.7808, 0.151061, -0.411333, 0.905247, -0.106458, 0.314239, -0.687651, -0.384861, -0.615644, 0.75776, 0, 0, 0, 1
-0.602693, -0.182413, 0.776844, 0.151455, -0.412939, 0.90433, -0.108019, 0.313977, -0.682819, -0.385892, -0.620359, 0.756879, 0, 0, 0, 1
-0.607074, -0.184804, 0.772857, 0.151848, -0.414533, 0.903411, -0.109591, 0.313715, -0.677955, -0.386905, -0.625045, 0.755998, 0, 0, 0, 1
-0.611455, -0.187252, 0.768804, 0.152221, -0.416159, 0.90247, -0.111178, 0.313444, -0.673004, -0.387925, -0.629746, 0.755111, 0, 0, 0, 1
-0.615839, -0.189763, 0.764678, 0.152569, -0.417822, 0.901502, -0.11278, 0.313162, -0.667957, -0.388954, -0.634467, 0.754217, 0, 0, 0, 1
-0.62019, -0.19228, 0.760521, 0.152917, -0.419473, 0.900531, -0.114393, 0.31288, -0.662878, -0.389964, -0.639157, 0.753323, 0, 0, 0, 1
-0.624508, -0.194805, 0.756334, 0.153265, -0.421111, 0.899558, -0.116019, 0.312598, -0.657766, -0.390955, -0.643816, 0.752429, 0, 0, 0, 1
-0.628792, -0.197335, 0.752116, 0.153614, -0.422735, 0.898583, -0.117656, 0.312316, -0.652622, -0.391927, -0.648443, 0.751535, 0, 0, 0, 1
-0.633043, -0.199872, 0.747869, 0.153962, -0.424347, 0.897606, -0.119304, 0.312034, -0.647446, -0.39288, -0.653038, 0.750641, 0, 0, 0, 1
-0.63726, -0.202415, 0.743591, 0.15431, -0.425946, 0.896626, -0.120964, 0.311752, -0.642238, -0.393815, -0.657602, 0.749747, 0, 0, 0, 1
-0.641443, -0.204965, 0.739284, 0.154658, -0.427531, 0.895644, -0.122634, 0.31147, -0.636999, -0.39473, -0.662133, 0.748853, 0, 0, 0, 1
-0.645592, -0.20752, 0.734947, 0.155007, -0.429103, 0.89466, -0.124317, 0.311189, -0.631729, -0.395626, -0.666632, 0.747959, 0, 0, 0, 1
-0.649706, -0.210081, 0.730581, 0.155355, -0.430662, 0.893673, -0.12601, 0.310907, -0.626428, -0.396503, -0.671098, 0.747065, 0, 0, 0, 1
-0.653785, -0.212647, 0.726186, 0.155703, -0.432208, 0.892685, -0.127714, 0.310625, -0.621097, -0.397361, -0.675532, 0.746171, 0, 0, 0, 1
-0.65783, -0.215219, 0.721762, 0.156052, -0.43374, 0.891694, -0.129429, 0.310343, -0.615735, -0.398199, -0.679932, 0.745277, 0, 0, 0, 1
-0.661884, -0.21789, 0.71724, 0.156363, -0.435337, 0.890661, -0.131165, 0.310044, -0.610238, -0.399057, -0.68437, 0.744375, 0, 0, 0, 1
-0.665913, -0.220588, 0.712672, 0.156666, -0.43694, 0.889616, -0.132915, 0.309742, -0.604685, -0.399904, -0.68879, 0.743471, 0, 0, 0, 1
-0.669903, -0.223292, 0.708075, 0.156969, -0.438528, 0.888569, -0.134676, 0.309439, -0.599101, -0.400731, -0.693175, 0.742567, 0, 0, 0, 1
-0.673857, -0.226001, 0.703449, 0.157272, -0.440102, 0.88752, -0.136449, 0.309137, -0.593487, -0.401536, -0.697525, 0.741664, 0, 0, 0, 1
-0.677773, -0.228716, 0.698794, 0.157574, -0.441661, 0.886469, -0.138234, 0.308834, -0.587843, -0.402321, -0.701839, 0.74076, 0, 0, 0, 1
-0.681651, -0.231435, 0.69411, 0.157877, -0.443206, 0.885415, -0.140029, 0.308532, -0.582168, -0.403085, -0.706118, 0.739856, 0, 0, 0, 1
-0.685492, -0.23416, 0.689399, 0.15818, -0.444737, 0.884359, -0.141836, 0.308229, -0.576464, -0.403829, -0.710361, 0.738952, 0, 0, 0, 1
-0.689294, -0.23689, 0.684659, 0.158483, -0.446253, 0.883302, -0.143654, 0.307927, -0.57073, -0.404551, -0.714567, 0.738048, 0, 0, 0, 1
-0.693057, -0.239624, 0.679891, 0.158786, -0.447754, 0.882242, -0.145483, 0.307624, -0.564967, -0.405252, -0.718737, 0.737145, 0, 0, 0, 1
-0.696783, -0.242363, 0.675096, 0.159088, -0.44924, 0.881181, -0.147323, 0.307322, -0.559176, -0.405932, -0.72287, 0.736241, 0, 0, 0, 1
-0.700469, -0.245106, 0.670273, 0.159391, -0.450711, 0.880117, -0.149174, 0.307019, -0.553356, -0.406592, -0.726967, 0.735337, 0, 0, 0, 1
-0.704136, -0.247907, 0.665383, 0.159674, -0.452213, 0.879028, -0.151043, 0.306707, -0.547445, -0.40725, -0.731062, 0.73443, 0, 0, 0, 1
-0.707786, -0.250782, 0.660414, 0.159931, -0.453756, 0.877905, -0.152933, 0.306383, -0.541428, -0.407911, -0.735163, 0.73352, 0, 0, 0, 1
-0.711395, -0.253662, 0.655418, 0.160188, -0.455284, 0.87678, -0.154834, 0.30606, -0.535382, -0.40855, -0.739225, 0.732609, 0, 0, 0, 1
-0.714962, -0.256545, 0.650395, 0.160446, -0.456796, 0.875653, -0.156747, 0.305736, -0.529308, -0.409165, -0.743248, 0.731699, 0, 0, 0, 1
-0.718488, -0.259432, 0.645344, 0.160703, -0.458291, 0.874524, -0.158671, 0.305412, -0.523205, -0.409759, -0.747231, 0.730788, 0, 0, 0, 1
-0.721973, -0.262323, 0.640267, 0.16096, -0.459771, 0.873394, -0.160606, 0.305089, -0.517074, -0.410329, -0.751175, 0.729878, 0, 0, 0, 1
-0.725415, -0.265218, 0.635163, 0.161218, -0.461235, 0.872261, -0.162552, 0.304765, -0.510916, -0.410877, -0.755079, 0.728968, 0, 0, 0, 1
-0.728815, -0.268117, 0.630034, 0.161475, -0.462683, 0.871127, -0.164509, 0.304441, -0.504731, -0.411402, -0.758943, 0.728057, 0, 0, 0, 1
-0.732173, -0.271018, 0.624878, 0.161732, -0.464114, 0.869991, -0.166477, 0.304117, -0.498519, -0.411905, -0.762767, 0.727147, 0, 0, 0, 1
-0.735488, -0.273923, 0.619696, 0.16199, -0.465529, 0.868853, -0.168456, 0.303794, -0.492281, -0.412384, -0.76655, 0.726236, 0, 0, 0, 1
-0.73876, -0.276831, 0.61449, 0.162247, -0.466928, 0.867714, -0.170446, 0.30347, -0.486016, -0.412841, -0.770293, 0.725326, 0, 0, 0, 1
-0.742001, -0.279791, 0.609222, 0.162488, -0.468349, 0.86655, -0.172454, 0.303138, -0.47967, -0.41329, -0.774021, 0.724414, 0, 0, 0, 1
-0.745216, -0.282836, 0.603869, 0.1627, -0.469821, 0.865345, -0.174487, 0.302792, -0.473204, -0.41374, -0.777751, 0.7235, 0, 0, 0, 1
-0.748385, -0.285883, 0.59849, 0.162912, -0.471275, 0.864139, -0.176531, 0.302447, -0.466712, -0.414167, -0.781439, 0.722586, 0, 0, 0, 1
-0.751509, -0.288934, 0.593086, 0.163124, -0.472712, 0.862931, -0.178586, 0.302101, -0.460193, -0.414568, -0.785083, 0.721671, 0, 0, 0, 1
-0.754587, -0.291986, 0.587658, 0.163336, -0.474131, 0.861722, -0.180653, 0.301756, -0.45365, -0.414945, -0.788684, 0.720757, 0, 0, 0, 1
-0.75762, -0.295041, 0.582205, 0.163548, -0.475532, 0.860511, -0.18273, 0.30141, -0.447081, -0.415298, -0.792242, 0.719843, 0, 0, 0, 1
-0.760606, -0.298099, 0.576728, 0.16376, -0.476916, 0.859298, -0.184819, 0.301064, -0.440487, -0.415625, -0.795755, 0.718929, 0, 0, 0, 1
-0.763547, -0.301158, 0.571227, 0.163972, -0.478283, 0.858084, -0.186918, 0.300719, -0.433869, -0.415929, -0.799225, 0.718015, 0, 0, 0, 1
-0.766441, -0.304219, 0.565703, 0.164185, -0.479631, 0.856868, -0.189028, 0.300373, -0.427227, -0.416207, -0.802651, 0.717101, 0, 0, 0, 1
-0.769288, -0.307281, 0.560155, 0.164397, -0.480962, 0.855651, -0.191148, 0.300028, -0.420561, -0.416461, -0.806033, 0.716187, 0, 0, 0, 1
-0.772089, -0.310345, 0.554585, 0.164609, -0.482274, 0.854432, -0.193279, 0.299682, -0.413872, -0.416691, -0.809369, 0.715273, 0, 0, 0, 1
-0.774852, -0.313492, 0.548933, 0.164795, -0.483633, 0.853173, -0.195436, 0.299323, -0.407067, -0.416916, -0.812697, 0.714358, 0, 0, 0, 1
-0.777571, -0.316697, 0.543218, 0.164962, -0.485019, 0.851883, -0.197614, 0.298955, -0.400175, -0.41713, -0.816004, 0.713444, 0, 0, 0, 1
-0.780242, -0.319903, 0.53748, 0.16513, -0.486385, 0.850593, -0.199804, 0.298587, -0.393259, -0.417318, -0.819264, 0.712529, 0, 0, 0, 1
-0.782862, -0.32311, 0.53172, 0.165297, -0.487733, 0.8493, -0.202004, 0.298219, -0.38632, -0.417479, -0.822477, 0.711615, 0, 0, 0, 1
-0.785433, -0.326318, 0.525938, 0.165465, -0.489061, 0.848007, -0.204216, 0.297851, -0.37936, -0.417614, -0.825642, 0.7107, 0, 0, 0, 1
-0.787955, -0.329526, 0.520134, 0.165632, -0.49037, 0.846712, -0.206438, 0.297483, -0.372377, -0.417722, -0.82876, 0.709785, 0, 0, 0, 1
-0.790426, -0.332735, 0.514309, 0.165799, -0.49166, 0.845416, -0.208671, 0.297115, -0.365373, -0.417804, -0.831831, 0.708871, 0, 0, 0, 1
-0.792847, -0.335944, 0.508463, 0.165967, -0.49293, 0.844118, -0.210914, 0.296747, -0.358348, -0.417859, -0.834854, 0.707956, 0, 0, 0, 1
-0.795218, -0.339152, 0.502597, 0.166134, -0.49418, 0.84282, -0.213167, 0.296379, -0.351302, -0.417888, -0.837828, 0.707041, 0, 0, 0, 1
-0.797539, -0.342361, 0.49671, 0.166302, -0.495412, 0.841521, -0.215431, 0.296011, -0.344236, -0.41789, -0.840755, 0.706127, 0, 0, 0, 1
-0.799809, -0.345581, 0.490794, 0.166466, -0.496633, 0.840214, -0.217707, 0.295641, -0.337137, -0.417869, -0.843638, 0.705212, 0, 0, 0, 1
-0.802026, -0.348934, 0.484767, 0.166589, -0.497938, 0.838838, -0.220022, 0.29525, -0.329867, -0.417847, -0.846517, 0.7043, 0, 0, 0, 1
-0.80419, -0.352287, 0.47872, 0.166713, -0.499221, 0.83746, -0.222348, 0.294859, -0.322578, -0.417798, -0.849346, 0.703388, 0, 0, 0, 1
-0.8063, -0.355639, 0.472653, 0.166836, -0.500485, 0.836081, -0.224685, 0.294468, -0.31527, -0.417719, -0.852124, 0.702476, 0, 0, 0, 1
-0.808357, -0.358989, 0.466568, 0.16696, -0.501727, 0.834701, -0.227032, 0.294077, -0.307943, -0.417613, -0.854851, 0.701564, 0, 0, 0, 1
-0.810361, -0.362338, 0.460464, 0.167084, -0.502948, 0.833321, -0.22939, 0.293686, -0.300597, -0.417478, -0.857527, 0.700652, 0, 0, 0, 1
-0.81231, -0.365685, 0.454342, 0.167207, -0.504149, 0.831939, -0.231758, 0.293294, -0.293234, -0.417315, -0.860152, 0.69974, 0, 0, 0, 1
-0.814206, -0.369031, 0.448201, 0.167331, -0.505328, 0.830557, -0.234136, 0.292903, -0.285853, -0.417124, -0.862726, 0.698828, 0, 0, 0, 1
-0.816048, -0.372374, 0.442044, 0.167454, -0.506486, 0.829173, -0.236524, 0.292512, -0.278455, -0.416904, -0.865248, 0.697916, 0, 0, 0, 1
-0.817836, -0.375715, 0.435869, 0.167578, -0.507622, 0.82779, -0.238922, 0.292121, -0.271041, -0.416656, -0.867718, 0.697004, 0, 0, 0, 1
-0.81957, -0.379054, 0.429677, 0.167702, -0.508738, 0.826405, -0.24133, 0.29173, -0.263611, -0.41638, -0.870136, 0.696092, 0, 0, 0, 1
-0.821233, -0.382522, 0.423383, 0.167789, -0.509931, 0.82495, -0.243778, 0.291318, -0.256019, -0.416095, -0.872536, 0.695185, 0, 0, 0, 1
-0.822837, -0.386008, 0.417058, 0.16787, -0.511119, 0.823482, -0.246242, 0.290904, -0.248388, -0.415783, -0.874887, 0.694279, 0, 0, 0, 1
-0.824384, -0.389491, 0.410717, 0.16795, -0.512284, 0.822013, -0.248716, 0.290489, -0.240742, -0.415442, -0.877184, 0.693373, 0, 0, 0, 1
-0.825873, -0.392971, 0.404361, 0.168031, -0.513427, 0.820543, -0.251201, 0.290074, -0.233081, -0.41507, -0.879426, 0.692466, 0, 0, 0, 1
-0.827306, -0.396447, 0.39799, 0.168112, -0.514546, 0.819073, -0.253695, 0.289659, -0.225406, -0.414667, -0.881614, 0.69156, 0, 0, 0, 1
-0.828681, -0.399919, 0.391604, 0.168193, -0.515643, 0.817603, -0.2562, 0.289244, -0.217717, -0.414235, -0.883747, 0.690654, 0, 0, 0, 1
-0.829998, -0.403387, 0.385203, 0.168274, -0.516717, 0.816132, -0.258714, 0.288829, -0.210015, -0.413773, -0.885825, 0.689748, 0, 0, 0, 1
-0.831259, -0.406851, 0.378789, 0.168355, -0.517768, 0.814661, -0.261237, 0.288415, -0.2023, -0.41328, -0.887848, 0.688841, 0, 0, 0, 1
-0.832462, -0.41031, 0.372361, 0.168436, -0.518796, 0.813189, -0.26377, 0.288, -0.194573, -0.412758, -0.889816, 0.687935, 0, 0, 0, 1
-0.833607, -0.413765, 0.365921, 0.168516, -0.519801, 0.811718, -0.266312, 0.287585, -0.186834, -0.412205, -0.891729, 0.687029, 0, 0, 0, 1
-0.834661, -0.417358, 0.359379, 0.16856, -0.520889, 0.810165, -0.2689, 0.287148, -0.178928, -0.411637, -0.89361, 0.68613, 0, 0, 0, 1
-0.835651, -0.420962, 0.352815, 0.1686, -0.521965, 0.808603, -0.271503, 0.286709, -0.170995, -0.411038, -0.895437, 0.685233, 0, 0, 0, 1
-0.836581, -0.42456, 0.346239, 0.168639, -0.523017, 0.807041, -0.274115, 0.28627, -0.16305, -0.410408, -0.897207, 0.684335, 0, 0, 0, 1
-0.83745, -0.428152, 0.339651, 0.168679, -0.524044, 0.805478, -0.276737, 0.28583, -0.155096, -0.409745, -0.898918, 0.683438, 0, 0, 0, 1
-0.838259, -0.431738, 0.333053, 0.168718, -0.525046, 0.803915, -0.279368, 0.285391, -0.147132, -0.409051, -0.900572, 0.68254, 0, 0, 0, 1
-0.839007, -0.435318, 0.326443, 0.168758, -0.526024, 0.802353, -0.282009, 0.284952, -0.139159, -0.408324, -0.902167, 0.681643, 0, 0, 0, 1
-0.839695, -0.438891, 0.319824, 0.168797, -0.526977, 0.80079, -0.284658, 0.284513, -0.131178, -0.407566, -0.903705, 0.680745, 0, 0, 0, 1
-0.840322, -0.442457, 0.313195, 0.168837, -0.527905, 0.799228, -0.287317, 0.284074, -0.123189, -0.406776, -0.905184, 0.679848, 0, 0, 0, 1
-0.840888, -0.446016, 0.306557, 0.168876, -0.528809, 0.797666, -0.289984, 0.283634, -0.115192, -0.405954, -0.906605, 0.67895, 0, 0, 0, 1
-0.841382, -0.449602, 0.299891, 0.168908, -0.529712, 0.796084, -0.292669, 0.28319, -0.107154, -0.405103, -0.90797, 0.678055, 0, 0, 0, 1
-0.84177, -0.453311, 0.293142, 0.168908, -0.530686, 0.794425, -0.2954, 0.282726, -0.0989714, -0.404225, -0.909289, 0.677169, 0, 0, 0, 1
-0.842095, -0.457012, 0.286385, 0.168908, -0.531634, 0.792766, -0.29814, 0.282262, -0.0907827, -0.403314, -0.910547, 0.676284, 0, 0, 0, 1
-0.842356, -0.460704, 0.279621, 0.168907, -0.532555, 0.791107, -0.30089, 0.281798, -0.0825887, -0.40237, -0.911744, 0.675398, 0, 0, 0, 1
-0.842554, -0.464388, 0.272849, 0.168907, -0.53345, 0.789448, -0.303648, 0.281333, -0.07439, -0.401391, -0.912881, 0.674512, 0, 0, 0, 1
-0.842688, -0.468063, 0.266072, 0.168907, -0.534319, 0.78779, -0.306415, 0.280869, -0.0661872, -0.400379, -0.913956, 0.673626, 0, 0, 0, 1
-0.842758, -0.471729, 0.259288, 0.168907, -0.535161, 0.786133, -0.309191, 0.280405, -0.0579808, -0.399334, -0.91497, 0.672741, 0, 0, 0, 1
-0.842765, -0.475385, 0.252499, 0.168907, -0.535976, 0.784476, -0.311974, 0.279941, -0.0497714, -0.398255, -0.915924, 0.671855, 0, 0, 0, 1
-0.842708, -0.479032, 0.245705, 0.168907, -0.536764, 0.782819, -0.314767, 0.279477, -0.0415595, -0.397142, -0.916816, 0.670969, 0, 0, 0, 1
-0.842588, -0.482669, 0.238907, 0.168907, -0.537526, 0.781164, -0.317567, 0.279012, -0.0333459, -0.395996, -0.917646, 0.670083, 0, 0, 0, 1
-0.842348, -0.486424, 0.232038, 0.168878, -0.538354, 0.77943, -0.320413, 0.278529, -0.0250013, -0.394818, -0.918419, 0.669209, 0, 0, 0, 1
-0.842024, -0.490209, 0.225145, 0.16884, -0.539184, 0.77767, -0.32328, 0.278039, -0.0166142, -0.393605, -0.91913, 0.668338, 0, 0, 0, 1
-0.841634, -0.493982, 0.21825, 0.168803, -0.539985, 0.775911, -0.326156, 0.277549, -0.00822717, -0.392356, -0.919777, 0.667467, 0, 0, 0, 1
-0.841178, -0.497745, 0.211352, 0.168765, -0.540758, 0.774153, -0.32904, 0.27706, 0.000159177, -0.391072, -0.92036, 0.666596, 0, 0, 0, 1
-0.840655, -0.501495, 0.204453, 0.168727, -0.541503, 0.772396, -0.331932, 0.27657, 0.00854423, -0.389752, -0.92088, 0.665725, 0, 0, 0, 1
-0.840067, -0.505234, 0.197552, 0.16869, -0.542219, 0.77064, -0.334832, 0.27608, 0.0169274, -0.388398, -0.921336, 0.664854, 0, 0, 0, 1
-0.839412, -0.50896, 0.19065, 0.168652, -0.542907, 0.768885, -0.33774, 0.27559, 0.025308, -0.387008, -0.921729, 0.663983, 0, 0, 0, 1
-0.838691, -0.512674, 0.183749, 0.168614, -0.543565, 0.767131, -0.340655, 0.275101, 0.0336855, -0.385584, -0.922058, 0.663112, 0, 0, 0, 1
-0.837903, -0.516375, 0.176847, 0.168576, -0.544196, 0.765379, -0.343578, 0.274611, 0.0420593, -0.384124, -0.922323, 0.66224, 0, 0, 0, 1
-0.837, -0.520158, 0.169904, 0.168519, -0.544866, 0.763566, -0.346538, 0.274107, 0.0505218, -0.382627, -0.922521, 0.661379, 0, 0, 0, 1
-0.835987, -0.524005, 0.162927, 0.168446, -0.545563, 0.761702, -0.34953, 0.273591, 0.0590535, -0.381089, -0.92265, 0.660526, 0, 0, 0, 1
-0.834905, -0.527837, 0.155953, 0.168373, -0.546229, 0.75984, -0.35253, 0.273075, 0.0675793, -0.379515, -0.922714, 0.659672, 0, 0, 0, 1
-0.833755, -0.531655, 0.148981, 0.1683, -0.546865, 0.757979, -0.355537, 0.272559, 0.0760984, -0.377904, -0.922712, 0.658819, 0, 0, 0, 1
-0.832537, -0.535457, 0.142013, 0.168227, -0.54747, 0.75612, -0.358552, 0.272043, 0.0846102, -0.376256, -0.922644, 0.657965, 0, 0, 0, 1
-0.83125, -0.539245, 0.135049, 0.168154, -0.548045, 0.754262, -0.361574, 0.271527, 0.0931141, -0.374571, -0.922511, 0.657111, 0, 0, 0, 1
-0.829895, -0.543017, 0.12809, 0.168081, -0.548589, 0.752406, -0.364602, 0.271011, 0.101609, -0.37285, -0.922311, 0.656258, 0, 0, 0, 1
-0.828472, -0.546773, 0.121136, 0.168008, -0.549102, 0.750553, -0.367637, 0.270495, 0.110095, -0.371093, -0.922046, 0.655404, 0, 0, 0, 1
-0.826981, -0.550513, 0.114187, 0.167935, -0.549585, 0.748701, -0.370679, 0.269979, 0.118572, -0.3693, -0.921715, 0.654551, 0, 0, 0, 1
-0.825357, -0.55434, 0.107205, 0.167843, -0.550112, 0.746779, -0.373761, 0.269448, 0.127132, -0.367461, -0.921309, 0.653709, 0, 0, 0, 1
-0.823619, -0.558222, 0.100204, 0.167737, -0.550659, 0.744809, -0.376875, 0.268905, 0.135747, -0.365579, -0.920828, 0.652876, 0, 0, 0, 1
-0.82181, -0.562086, 0.09321, 0.167632, -0.551173, 0.742841, -0.379995, 0.268363, 0.14435, -0.363659, -0.92028, 0.652042, 0, 0, 0, 1
-0.819931, -0.565931, 0.086225, 0.167526, -0.551655, 0.740874, -0.383122, 0.26782, 0.152939, -0.3617, -0.919665, 0.651209, 0, 0, 0, 1
-0.817982, -0.569759, 0.0792491, 0.16742, -0.552104, 0.73891, -0.386255, 0.267278, 0.161514, -0.359703, -0.918981, 0.650376, 0, 0, 0, 1
-0.815963, -0.573567, 0.0722828, 0.167315, -0.55252, 0.736949, -0.389394, 0.266735, 0.170075, -0.357669, -0.918231, 0.649542, 0, 0, 0, 1
-0.813874, -0.577357, 0.0653267, 0.167209, -0.552904, 0.73499, -0.392539, 0.266193, 0.17862, -0.355596, -0.917413, 0.648709, 0, 0, 0, 1
-0.811716, -0.581127, 0.0583813, 0.167104, -0.553256, 0.733034, -0.395689, 0.26565, 0.18715, -0.353487, -0.916527, 0.647876, 0, 0, 0, 1
-0.809488, -0.584878, 0.0514473, 0.166998, -0.553574, 0.73108, -0.398844, 0.265108, 0.195663, -0.35134, -0.915574, 0.647042, 0, 0, 0, 1
-0.807084, -0.588759, 0.044481, 0.166867, -0.553969, 0.729018, -0.402059, 0.264542, 0.204288, -0.349136, -0.914533, 0.646228, 0, 0, 0, 1
-0.80459, -0.592645, 0.0375204, 0.166732, -0.554348, 0.726939, -0.405288, 0.263972, 0.212917, -0.34689, -0.913419, 0.645417, 0, 0, 0, 1
-0.802024, -0.596509, 0.0305737, 0.166597, -0.554693, 0.724862, -0.408523, 0.263403, 0.221526, -0.344604, -0.912236, 0.644607, 0, 0, 0, 1
-0.799387, -0.600351, 0.0236417, 0.166461, -0.555003, 0.722789, -0.411763, 0.262833, 0.230114, -0.342279, -0.910984, 0.643796, 0, 0, 0, 1
-0.796679, -0.604172, 0.0167248, 0.166326, -0.555278, 0.720718, -0.415008, 0.262264, 0.238682, -0.339915, -0.909664, 0.642985, 0, 0, 0, 1
-0.7939, -0.607969, 0.00982357, 0.166191, -0.555519, 0.718651, -0.418258, 0.261694, 0.247228, -0.337512, -0.908275, 0.642174, 0, 0, 0, 1
-0.79105, -0.611744, 0.00293863, 0.166056, -0.555725, 0.716587, -0.421513, 0.261124, 0.255752, -0.335071, -0.906818, 0.641364, 0, 0, 0, 1
-0.78813, -0.615496, -0.00392946, 0.165921, -0.555897, 0.714526, -0.424772, 0.260555, 0.264253, -0.332591, -0.905292, 0.640553, 0, 0, 0, 1
-0.785094, -0.619282, -0.0107918, 0.165777, -0.556076, 0.712424, -0.428056, 0.259976, 0.272776, -0.330063, -0.903688, 0.63975, 0, 0, 0, 1
-0.781893, -0.623163, -0.0176589, 0.165615, -0.556306, 0.710231, -0.431389, 0.259379, 0.281367, -0.327476, -0.901993, 0.638965, 0, 0, 0, 1
-0.778619, -0.627018, -0.0245063, 0.165454, -0.556499, 0.708041, -0.434726, 0.258782, 0.289932, -0.324848, -0.900229, 0.638179, 0, 0, 0, 1
-0.775274, -0.630847, -0.0313334, 0.165292, -0.556656, 0.705855, -0.438067, 0.258185, 0.29847, -0.32218, -0.898396, 0.637393, 0, 0, 0, 1
-0.771857, -0.634651, -0.0381394, 0.165131, -0.556776, 0.703673, -0.441413, 0.257588, 0.306981, -0.319473, -0.896493, 0.636607, 0, 0, 0, 1
-0.768369, -0.638428, -0.044924, 0.164969, -0.556859, 0.701495, -0.444762, 0.256991, 0.315463, -0.316725, -0.894521, 0.635821, 0, 0, 0, 1
-0.764811, -0.642179, -0.0516865, 0.164807, -0.556906, 0.699321, -0.448115, 0.256394, 0.323915, -0.313938, -0.892481, 0.635035, 0, 0, 0, 1
-0.761181, -0.645902, -0.0584263, 0.164646, -0.556916, 0.697151, -0.451471, 0.255797, 0.332338, -0.311112, -0.890371, 0.63425, 0, 0, 0, 1
-0.757479, -0.649602, -0.0651431, 0.164489, -0.556891, 0.694983, -0.45483, 0.2552, 0.340732, -0.308247, -0.888192, 0.633464, 0, 0, 0, 1
-0.753557, -0.653445, -0.0718514, 0.1643, -0.556956, 0.692675, -0.458259, 0.254576, 0.349216, -0.305306, -0.88591, 0.632705, 0, 0, 0, 1
-0.749562, -0.657259, -0.078534, 0.164116, -0.556983, 0.69037, -0.461691, 0.253951, 0.357668, -0.302324, -0.883557, 0.631946, 0, 0, 0, 1
-0.745496, -0.661044, -0.0851902, 0.163931, -0.556972, 0.68807, -0.465126, 0.253326, 0.366086, -0.299301, -0.881136, 0.631187, 0, 0, 0, 1
-0.741358, -0.664799, -0.0918194, 0.163747, -0.556921, 0.685774, -0.468564, 0.252702, 0.374468, -0.296238, -0.878645, 0.630428, 0, 0, 0, 1
-0.73715, -0.668523, -0.098421, 0.163563, -0.556833, 0.683483, -0.472005, 0.252077, 0.382815, -0.293134, -0.876085, 0.62967, 0, 0, 0, 1
-0.732871, -0.672217, -0.104994, 0.163378, -0.556705, 0.681197, -0.475447, 0.251453, 0.391126, -0.289991, -0.873456, 0.628911, 0, 0, 0, 1
-0.728522, -0.67588, -0.111539, 0.163194, -0.556539, 0.678916, -0.478892, 0.250828, 0.399399, -0.286808, -0.870759, 0.628152, 0, 0, 0, 1
-0.724104, -0.679512, -0.118055, 0.16301, -0.556334, 0.676641, -0.482338, 0.250204, 0.407635, -0.283585, -0.867994, 0.627393, 0, 0, 0, 1
-0.719471, -0.683266, -0.124535, 0.162809, -0.556206, 0.674232, -0.485846, 0.249554, 0.415928, -0.280285, -0.865127, 0.626659, 0, 0, 0, 1
-0.71475, -0.687005, -0.130983, 0.162606, -0.556052, 0.67181, -0.489364, 0.248902, 0.424191, -0.276939, -0.862187, 0.625929, 0, 0, 0, 1
-0.709959, -0.69071, -0.137399, 0.162403, -0.555857, 0.669395, -0.492883, 0.24825, 0.432413, -0.273553, -0.859178, 0.625199, 0, 0, 0, 1
-0.705097, -0.694381, -0.143782, 0.162199, -0.555621, 0.666984, -0.496404, 0.247598, 0.440593, -0.270125, -0.856102, 0.624468, 0, 0, 0, 1
-0.700166, -0.698017, -0.15013, 0.161996, -0.555345, 0.66458, -0.499926, 0.246946, 0.44873, -0.266657, -0.852957, 0.623738, 0, 0, 0, 1
-0.695166, -0.701619, -0.156444, 0.161793, -0.555029, 0.662181, -0.503448, 0.246293, 0.456823, -0.263149, -0.849744, 0.623008, 0, 0, 0, 1
-0.690097, -0.705186, -0.162724, 0.16159, -0.554671, 0.659788, -0.506971, 0.245641, 0.464872, -0.259601, -0.846464, 0.622278, 0, 0, 0, 1
-0.68496, -0.708717, -0.168968, 0.161387, -0.554273, 0.657402, -0.510493, 0.244989, 0.472875, -0.256013, -0.843117, 0.621547, 0, 0, 0, 1
-0.679595, -0.712372, -0.175149, 0.16117, -0.553959, 0.654866, -0.514081, 0.24431, 0.480916, -0.252342, -0.839669, 0.620845, 0, 0, 0, 1
-0.674153, -0.715997, -0.18129, 0.160952, -0.553608, 0.652328, -0.517673, 0.243631, 0.488913, -0.248627, -0.836151, 0.620145, 0, 0, 0, 1
-0.668642, -0.719585, -0.187393, 0.160734, -0.553215, 0.649797, -0.521265, 0.242951, 0.496861, -0.244871, -0.832567, 0.619445, 0, 0, 0, 1
-0.663063, -0.723134, -0.193456, 0.160516, -0.55278, 0.647272, -0.524856, 0.242271, 0.504759, -0.241074, -0.828916, 0.618745, 0, 0, 0, 1
-0.657417, -0.726644, -0.199479, 0.160298, -0.552301, 0.644754, -0.528447, 0.241591, 0.512607, -0.237237, -0.825198, 0.618044, 0, 0, 0, 1
-0.651704, -0.730115, -0.205462, 0.16008, -0.551781, 0.642242, -0.532036, 0.240912, 0.520404, -0.23336, -0.821415, 0.617344, 0, 0, 0, 1
-0.645924, -0.733546, -0.211403, 0.159862, -0.551218, 0.639738, -0.535625, 0.240232, 0.528148, -0.229444, -0.817567, 0.616644, 0, 0, 0, 1
-0.640048, -0.736968, -0.217293, 0.159642, -0.550637, 0.637211, -0.539224, 0.239547, 0.535852, -0.225479, -0.813647, 0.615949, 0, 0, 0, 1
-0.633967, -0.740481, -0.223098, 0.159414, -0.550119, 0.63455, -0.542876, 0.23884, 0.543557, -0.221435, -0.809637, 0.61528, 0, 0, 0, 1
-0.62782, -0.743953, -0.228859, 0.159186, -0.549558, 0.631897, -0.546528, 0.238133, 0.551206, -0.21735, -0.805562, 0.61461, 0, 0, 0, 1
-0.621607, -0.747382, -0.234575, 0.158957, -0.548952, 0.62925, -0.550178, 0.237426, 0.558799, -0.213224, -0.801423, 0.613941, 0, 0, 0, 1
-0.615329, -0.750768, -0.240245, 0.158729, -0.548302, 0.626612, -0.553825, 0.236719, 0.566335, -0.209058, -0.79722, 0.613272, 0, 0, 0, 1
-0.608987, -0.754111, -0.245869, 0.158501, -0.547607, 0.623981, -0.557471, 0.236012, 0.573812, -0.204853, -0.792953, 0.612603, 0, 0, 0, 1
-0.602582, -0.75741, -0.251447, 0.158272, -0.546869, 0.621359, -0.561113, 0.235305, 0.581231, -0.200608, -0.788623, 0.611933, 0, 0, 0, 1
-0.596113, -0.760665, -0.256977, 0.158044, -0.546086, 0.618745, -0.564752, 0.234598, 0.58859, -0.196325, -0.784231, 0.611264, 0, 0, 0, 1
-0.589487, -0.763965, -0.262416, 0.157812, -0.545335, 0.616038, -0.568425, 0.233876, 0.595915, -0.191974, -0.779763, 0.610613, 0, 0, 0, 1
-0.582725, -0.767287, -0.267773, 0.157578, -0.544595, 0.613263, -0.572123, 0.233142, 0.603198, -0.187563, -0.775224, 0.609975, 0, 0, 0, 1
-0.575902, -0.770561, -0.273079, 0.157344, -0.543809, 0.610496, -0.575818, 0.232408, 0.610417, -0.183112, -0.770624, 0.609337, 0, 0, 0, 1
-0.569017, -0.773789, -0.278335, 0.157109, -0.542977, 0.607737, -0.57951, 0.231674, 0.617573, -0.178621, -0.765962, 0.608699, 0, 0, 0, 1
-0.562071, -0.77697, -0.283539, 0.156875, -0.542099, 0.604988, -0.583197, 0.23094, 0.624664, -0.174092, -0.76124, 0.608062, 0, 0, 0, 1
-0.555065, -0.780102, -0.288692, 0.156641, -0.541175, 0.602247, -0.58688, 0.230207, 0.63169, -0.169524, -0.756458, 0.607424, 0, 0, 0, 1
-0.548, -0.783187, -0.293791, 0.156406, -0.540206, 0.599516, -0.590558, 0.229473, 0.63865, -0.164918, -0.751617, 0.606786, 0, 0, 0, 1
-0.54086, -0.786239, -0.298829, 0.156172, -0.539204, 0.596776, -0.594237, 0.228737, 0.645546, -0.16027, -0.746716, 0.606152, 0, 0, 0, 1
-0.533517, -0.789375, -0.303721, 0.155936, -0.538276, 0.593881, -0.597967, 0.227977, 0.652394, -0.15554, -0.741747, 0.605546, 0, 0, 0, 1
-0.526117, -0.79246, -0.308558, 0.1557, -0.537301, 0.590995, -0.601692, 0.227217, 0.659173, -0.150772, -0.736721, 0.60494, 0, 0, 0, 1
-0.518659, -0.795494, -0.31334, 0.155464, -0.536278, 0.588118, -0.605412, 0.226458, 0.665882, -0.145965, -0.731638, 0.604334, 0, 0, 0, 1
-0.511145, -0.798477, -0.318065, 0.155228, -0.535207, 0.585251, -0.609126, 0.225698, 0.672521, -0.141121, -0.726499, 0.603728, 0, 0, 0, 1
-0.503575, -0.801409, -0.322733, 0.154993, -0.53409, 0.582394, -0.612834, 0.224938, 0.679088, -0.136239, -0.721303, 0.603122, 0, 0, 0, 1
-0.49595, -0.804288, -0.327344, 0.154757, -0.532925, 0.579548, -0.616535, 0.224178, 0.685583, -0.131321, -0.716052, 0.602516, 0, 0, 0, 1
-0.488271, -0.807115, -0.331897, 0.154521, -0.531714, 0.576712, -0.620229, 0.223419, 0.692006, -0.126366, -0.710746, 0.60191, 0, 0, 0, 1
-0.480427, -0.809996, -0.336298, 0.154288, -0.530557, 0.573744, -0.62396, 0.22264, 0.698355, -0.121342, -0.705391, 0.601327, 0, 0, 0, 1
-0.472493, -0.812856, -0.34061, 0.154055, -0.529385, 0.570741, -0.627699, 0.221855, 0.704629, -0.11627, -0.699985, 0.600753, 0, 0, 0, 1
-0.464507, -0.815662, -0.344861, 0.153822, -0.528164, 0.567749, -0.63143, 0.221071, 0.710828, -0.111161, -0.694527, 0.600178, 0, 0, 0, 1
-0.456471, -0.818412, -0.349051, 0.153589, -0.526894, 0.564768, -0.635154, 0.220286, 0.71695, -0.106016, -0.689016, 0.599604, 0, 0, 0, 1
-0.448384, -0.821107, -0.35318, 0.153357, -0.525576, 0.561797, -0.638869, 0.219502, 0.722995, -0.100835, -0.683455, 0.599029, 0, 0, 0, 1
-0.440247, -0.823745, -0.357248, 0.153124, -0.524209, 0.558838, -0.642576, 0.218717, 0.728963, -0.0956198, -0.677842, 0.598454, 0, 0, 0, 1
-0.432062, -0.826328, -0.361253, 0.152891, -0.522795, 0.555891, -0.646275, 0.217932, 0.734853, -0.0903696, -0.672179, 0.59788, 0, 0, 0, 1
-0.423759, -0.828925, -0.365119, 0.152663, -0.521404, 0.552854, -0.649992, 0.217135, 0.740652, -0.0850653, -0.666482, 0.597321, 0, 0, 0, 1
-0.415348, -0.831525, -0.368853, 0.152437, -0.520029, 0.549739, -0.653725, 0.216327, 0.746362, -0.0797085, -0.66075, 0.596777, 0, 0, 0, 1
-0.40689, -0.834066, -0.372524, 0.152212, -0.518604, 0.546635, -0.657449, 0.215519, 0.751991, -0.074317, -0.654971, 0.596233, 0, 0, 0, 1
-0.398387, -0.836549, -0.376129, 0.151987, -0.51713, 0.543543, -0.661164, 0.21471, 0.757538, -0.0688914, -0.649145, 0.595689, 0, 0, 0, 1
-0.38984, -0.838973, -0.37967, 0.151762, -0.515606, 0.540464, -0.664868, 0.213902, 0.763004, -0.0634322, -0.643274, 0.595145, 0, 0, 0, 1
-0.38125, -0.841337, -0.383145, 0.151537, -0.514033, 0.537396, -0.668562, 0.213094, 0.768387, -0.0579401, -0.637357, 0.594601, 0, 0, 0, 1
-0.372617, -0.843642, -0.386555, 0.151312, -0.51241, 0.534342, -0.672246, 0.212286, 0.773688, -0.0524156, -0.631395, 0.594057, 0, 0, 0, 1
-0.363899, -0.845936, -0.389834, 0.151091, -0.510795, 0.531223, -0.675937, 0.211469, 0.778888, -0.0468478, -0.625411, 0.593524, 0, 0, 0, 1
-0.355074, -0.848243, -0.392947, 0.150878, -0.509213, 0.528001, -0.679645, 0.210638, 0.78398, -0.0412304, -0.619415, 0.593009, 0, 0, 0, 1
-0.346209, -0.850487, -0.395993, 0.150665, -0.507581, 0.524791, -0.683342, 0.209808, 0.788987, -0.0355809, -0.613379, 0.592494, 0, 0, 0, 1
-0.337307, -0.85267, -0.398971, 0.150451, -0.505899, 0.521594, -0.687027, 0.208978, 0.793908, -0.0298998, -0.607302, 0.59198, 0, 0, 0, 1
-0.328367, -0.85479, -0.401882, 0.150238, -0.504166, 0.51841, -0.690701, 0.208147, 0.798744, -0.0241877, -0.601185, 0.591465, 0, 0, 0, 1
-0.31939, -0.856848, -0.404725, 0.150025, -0.502384, 0.515239, -0.694362, 0.207317, 0.803493, -0.0184453, -0.595029, 0.59095, 0, 0, 0, 1
-0.310378, -0.858842, -0.407499, 0.149811, -0.500551, 0.512083, -0.698011, 0.206487, 0.808155, -0.0126731, -0.588834, 0.590435, 0, 0, 0, 1
-0.301301, -0.860814, -0.410141, 0.149604, -0.49872, 0.508873, -0.70166, 0.205649, 0.812709, -0.00686561, -0.582629, 0.58993, 0, 0, 0, 1
-0.292137, -0.862797, -0.412599, 0.149406, -0.496931, 0.50555, -0.705322, 0.204799, 0.817139, -0.00101748, -0.57644, 0.589442, 0, 0, 0, 1
-0.28294, -0.864715, -0.414986, 0.149209, -0.495091, 0.50224, -0.708971, 0.203948, 0.82148, 0.00485992, -0.570216, 0.588954, 0, 0, 0, 1
-0.273712, -0.866567, -0.417305, 0.149012, -0.493201, 0.498944, -0.712606, 0.203098, 0.825733, 0.010766, -0.563959, 0.588467, 0, 0, 0, 1
-0.264454, -0.868354, -0.419553, 0.148814, -0.491259, 0.495663, -0.716228, 0.202247, 0.829896, 0.0167, -0.557667, 0.587979, 0, 0, 0, 1
-0.255167, -0.870076, -0.421731, 0.148617, -0.489268, 0.492396, -0.719835, 0.201397, 0.83397, 0.0226615, -0.551344, 0.587492, 0, 0, 0, 1
-0.245852, -0.871732, -0.42384, 0.14842, -0.487226, 0.489145, -0.723428, 0.200547, 0.837954, 0.0286496, -0.544988, 0.587004, 0, 0, 0, 1
-0.236489, -0.873362, -0.425807, 0.148229, -0.485189, 0.485837, -0.727017, 0.199689, 0.841822, 0.0346653, -0.538641, 0.586526, 0, 0, 0, 1
-0.227066, -0.874993, -0.427584, 0.148052, -0.483195, 0.482421, -0.730612, 0.198821, 0.845556, 0.0407096, -0.532333, 0.586063, 0, 0, 0, 1
-0.217618, -0.876557, -0.42929, 0.147874, -0.481149, 0.479019, -0.734191, 0.197952, 0.849198, 0.0467799, -0.525998, 0.585601, 0, 0, 0, 1
-0.208146, -0.878054, -0.430926, 0.147696, -0.479053, 0.475632, -0.737755, 0.197084, 0.852751, 0.0528755, -0.519635, 0.585138, 0, 0, 0, 1
-0.198652, -0.879482, -0.432491, 0.147518, -0.476906, 0.472261, -0.741303, 0.196215, 0.856211, 0.0589958, -0.513246, 0.584676, 0, 0, 0, 1
-0.189137, -0.880843, -0.433985, 0.147341, -0.474709, 0.468906, -0.744835, 0.195346, 0.859581, 0.0651401, -0.506831, 0.584213, 0, 0, 0, 1
-0.179602, -0.882136, -0.435407, 0.147163, -0.472461, 0.465566, -0.748351, 0.194478, 0.862858, 0.0713078, -0.500391, 0.583751, 0, 0, 0, 1
-0.170037, -0.883405, -0.436674, 0.146995, -0.47023, 0.462159, -0.75186, 0.193602, 0.866009, 0.0774933, -0.493987, 0.583298, 0, 0, 0, 1
-0.16044, -0.884662, -0.437757, 0.14684, -0.468035, 0.458659, -0.755365, 0.192718, 0.869024, 0.0836948, -0.48764, 0.582858, 0, 0, 0, 1
-0.150827, -0.885851, -0.438771, 0.146685, -0.465789, 0.455174, -0.758853, 0.191833, 0.871947, 0.0899187, -0.481272, 0.582418, 0, 0, 0, 1
-0.141199, -0.88697, -0.439713, 0.14653, -0.463492, 0.451705, -0.762324, 0.190949, 0.874779, 0.0961644, -0.474884, 0.581977, 0, 0, 0, 1
-0.131556, -0.888019, -0.440585, 0.146375, -0.461145, 0.448252, -0.765778, 0.190065, 0.877518, 0.102431, -0.468476, 0.581537, 0, 0, 0, 1
-0.121899, -0.888999, -0.441386, 0.146221, -0.458748, 0.444816, -0.769213, 0.18918, 0.880165, 0.108718, -0.46205, 0.581097, 0, 0, 0, 1
-0.113565, -0.888616, -0.444371, 0.145958, -0.452776, 0.444408, -0.772978, 0.188303, 0.884362, 0.113417, -0.452813, 0.580737, 0, 0, 0, 1
-0.10588, -0.887524, -0.448431, 0.145079, -0.444938, 0.445588, -0.776841, 0.187943, 0.88928, 0.117272, -0.442072, 0.580606, 0, 0, 0, 1
-0.103804, -0.885047, -0.453781, 0.143983, -0.435687, 0.450605, -0.779187, 0.188316, 0.894093, 0.116823, -0.432378, 0.580856, 0, 0, 0, 1
-0.101857, -0.882503, -0.459144, 0.143024, -0.42635, 0.455734, -0.781366, 0.188525, 0.898805, 0.116168, -0.422675, 0.58105, 0, 0, 0, 1
-0.0998482, -0.879939, -0.464475, 0.142066, -0.416976, 0.460845, -0.783424, 0.188733, 0.903416, 0.115452, -0.412928, 0.581244, 0, 0, 0, 1
-0.0977769, -0.877356, -0.469773, 0.141107, -0.407566, 0.465936, -0.785362, 0.188941, 0.907926, 0.114673, -0.403139, 0.581438, 0, 0, 0, 1
-0.0956439, -0.874753, -0.475036, 0.140148, -0.398122, 0.471008, -0.787178, 0.189149, 0.912333, 0.113834, -0.393308, 0.581631, 0, 0, 0, 1
-0.0934494, -0.872131, -0.480265, 0.139189, -0.388644, 0.47606, -0.788874, 0.189357, 0.916637, 0.112932, -0.383436, 0.581825, 0, 0, 0, 1
-0.0909075, -0.869389, -0.485694, 0.138235, -0.379083, 0.481206, -0.790403, 0.189607, 0.920886, 0.112265, -0.373316, 0.581987, 0, 0, 0, 1
-0.0881536, -0.866574, -0.491202, 0.137283, -0.369466, 0.486392, -0.791781, 0.189877, 0.925053, 0.111684, -0.363047, 0.582131, 0, 0, 0, 1
-0.0853344, -0.863737, -0.496666, 0.136332, -0.359822, 0.491558, -0.793032, 0.190148, 0.92911, 0.111038, -0.352738, 0.582275, 0, 0, 0, 1
-0.0824504, -0.860879, -0.502085, 0.13538, -0.350151, 0.496704, -0.794153, 0.190418, 0.933058, 0.110327, -0.342391, 0.58242, 0, 0, 0, 1
-0.079502, -0.858001, -0.507458, 0.134428, -0.340455, 0.50183, -0.795146, 0.190689, 0.936894, 0.109551, -0.332007, 0.582564, 0, 0, 0, 1
-0.0764896, -0.855103, -0.512785, 0.133476, -0.330735, 0.506933, -0.796011, 0.190959, 0.940619, 0.108709, -0.321587, 0.582709, 0, 0, 0, 1
-0.0734137, -0.852185, -0.518065, 0.132524, -0.320993, 0.512015, -0.796746, 0.19123, 0.944232, 0.107803, -0.311134, 0.582853, 0, 0, 0, 1
-0.0700722, -0.84918, -0.523434, 0.131578, -0.311214, 0.517143, -0.797313, 0.191528, 0.947753, 0.107031, -0.300514, 0.582975, 0, 0, 0, 1
-0.0663983, -0.846065, -0.528929, 0.13064, -0.301399, 0.522343, -0.797694, 0.191861, 0.951184, 0.106453, -0.289685, 0.583067, 0, 0, 0, 1
-0.0626582, -0.842927, -0.534367, 0.129702, -0.291567, 0.527522, -0.797941, 0.192194, 0.954496, 0.105806, -0.278824, 0.583159, 0, 0, 0, 1
-0.0588523, -0.839768, -0.539746, 0.128764, -0.281722, 0.532678, -0.798052, 0.192528, 0.957689, 0.105091, -0.267931, 0.583251, 0, 0, 0, 1
-0.0549814, -0.836588, -0.545067, 0.127825, -0.271864, 0.537811, -0.798028, 0.192861, 0.960764, 0.104308, -0.257008, 0.583344, 0, 0, 0, 1
-0.051046, -0.833387, -0.550327, 0.126887, -0.261995, 0.542921, -0.797869, 0.193195, 0.963718, 0.103455, -0.246058, 0.583436, 0, 0, 0, 1
-0.0470467, -0.830167, -0.555527, 0.125949, -0.252117, 0.548006, -0.797576, 0.193528, 0.966552, 0.102534, -0.235081, 0.583528, 0, 0, 0, 1
-0.0427901, -0.826864, -0.560771, 0.125018, -0.242236, 0.553124, -0.797104, 0.193886, 0.969273, 0.101731, -0.223965, 0.583599, 0, 0, 0, 1
-0.0381662, -0.823444, -0.566112, 0.124101, -0.232362, 0.558309, -0.796429, 0.194282, 0.97188, 0.101146, -0.212646, 0.583636, 0, 0, 0, 1
-0.0334771, -0.820002, -0.571381, 0.123183, -0.222486, 0.56347, -0.795614, 0.194677, 0.974361, 0.100489, -0.201302, 0.583673, 0, 0, 0, 1
-0.0287235, -0.816538, -0.576577, 0.122266, -0.21261, 0.568607, -0.794659, 0.195073, 0.976715, 0.0997606, -0.189936, 0.583711, 0, 0, 0, 1
-0.0239062, -0.813052, -0.5817, 0.121348, -0.202735, 0.573719, -0.793565, 0.195469, 0.978942, 0.0989598, -0.178549, 0.583748, 0, 0, 0, 1
-0.019026, -0.809545, -0.586749, 0.120431, -0.192863, 0.578805, -0.792331, 0.195865, 0.981041, 0.0980873, -0.167144, 0.583785, 0, 0, 0, 1
-0.0140836, -0.806019, -0.591722, 0.119513, -0.182996, 0.583864, -0.790959, 0.196261, 0.983013, 0.0971431, -0.155721, 0.583823, 0, 0, 0, 1
-0.00881507, -0.802392, -0.596733, 0.11861, -0.173173, 0.588964, -0.789388, 0.196688, 0.984852, 0.0963795, -0.144144, 0.58383, 0, 0, 0, 1
-0.00323689, -0.798667, -0.601764, 0.117721, -0.163398, 0.594102, -0.787619, 0.197145, 0.986555, 0.0957779, -0.132424, 0.583811, 0, 0, 0, 1
0.00240311, -0.794921, -0.606709, 0.116832, -0.153637, 0.599214, -0.785709, 0.197603, 0.988124, 0.095101, -0.120689, 0.583791, 0, 0, 0, 1
0.00810399, -0.791152, -0.611566, 0.115943, -0.14389, 0.604299, -0.783657, 0.19806, 0.98956, 0.0943492, -0.108942, 0.583771, 0, 0, 0, 1
0.0138648, -0.787361, -0.616336, 0.115053, -0.13416, 0.609357, -0.781464, 0.198517, 0.990863, 0.0935224, -0.0971837, 0.583752, 0, 0, 0, 1
0.0196846, -0.78355, -0.621017, 0.114164, -0.124448, 0.614386, -0.779129, 0.198974, 0.992031, 0.0926209, -0.0854172, 0.583732, 0, 0, 0, 1
0.0255623, -0.779719, -0.625607, 0.113275, -0.114755, 0.619386, -0.776654, 0.199431, 0.993065, 0.0916448, -0.073644, 0.583712, 0, 0, 0, 1
0.0319025, -0.77575, -0.630233, 0.112414, -0.105194, 0.624446, -0.773952, 0.199934, 0.99394, 0.090988, -0.0616832, 0.583646, 0, 0, 0, 1
0.0384087, -0.771727, -0.634793, 0.111561, -0.0956908, 0.629502, -0.771084, 0.20045, 0.99467, 0.0903602, -0.0496688, 0.583568, 0, 0, 0, 1
0.0449708, -0.767681, -0.639252, 0.110708, -0.086216, 0.634529, -0.768075, 0.200966, 0.995261, 0.0896547, -0.0376511, 0.58349, 0, 0, 0, 1
0.0515876, -0.763614, -0.643609, 0.109855, -0.0767716, 0.639528, -0.764925, 0.201482, 0.995713, 0.0888716, -0.0256322, 0.583411, 0, 0, 0, 1
0.0582579, -0.759525, -0.647864, 0.109002, -0.0673594, 0.644496, -0.761635, 0.201998, 0.996026, 0.0880109, -0.0136141, 0.583333, 0, 0, 0, 1
0.0649806, -0.755416, -0.652015, 0.108149, -0.0579808, 0.649434, -0.758204, 0.202514, 0.996201, 0.087073, -0.00159903, 0.583254, 0, 0, 0, 1
0.0718444, -0.751263, -0.656081, 0.107304, -0.0486738, 0.654356, -0.754618, 0.20304, 0.996228, 0.0861491, 0.0104451, 0.583165, 0, 0, 0, 1
0.0791704, -0.746975, -0.660122, 0.106495, -0.0395763, 0.659323, -0.750817, 0.203611, 0.996075, 0.0855677, 0.0226364, 0.583027, 0, 0, 0, 1
0.0865448, -0.742664, -0.664049, 0.105686, -0.0305217, 0.66426, -0.746878, 0.204182, 0.99578, 0.0849063, 0.034821, 0.582889, 0, 0, 0, 1
0.0939665, -0.738331, -0.667861, 0.104877, -0.0215115, 0.669167, -0.742801, 0.204753, 0.995343, 0.0841651, 0.0469967, 0.582751, 0, 0, 0, 1
0.101434, -0.733977, -0.671557, 0.104067, -0.0125473, 0.674042, -0.738587, 0.205325, 0.994763, 0.0833441, 0.0591613, 0.582613, 0, 0, 0, 1
0.108946, -0.729602, -0.675138, 0.103258, -0.00363089, 0.678884, -0.734236, 0.205896, 0.994041, 0.0824436, 0.0713127, 0.582475, 0, 0, 0, 1
0.116501, -0.725208, -0.678602, 0.102449, 0.00523628, 0.683693, -0.729751, 0.206467, 0.993177, 0.0814637, 0.0834487, 0.582337, 0, 0, 0, 1
0.124414, -0.720712, -0.681979, 0.101675, 0.0138723, 0.688515, -0.725089, 0.207072, 0.992133, 0.0807507, 0.0956589, 0.582159, 0, 0, 0, 1
0.132525, -0.716153, -0.685246, 0.100917, 0.0223604, 0.693328, -0.720275, 0.207695, 0.990927, 0.080132, 0.107897, 0.58196, 0, 0, 0, 1
0.140673, -0.711571, -0.688387, 0.10016, 0.0307907, 0.698109, -0.715329, 0.208317, 0.989577, 0.0794318, 0.120115, 0.581762, 0, 0, 0, 1
0.148858, -0.706969, -0.691402, 0.0994025, 0.0391615, 0.702858, -0.710252, 0.208939, 0.988083, 0.0786503, 0.132312, 0.581564, 0, 0, 0, 1
0.157077, -0.702346, -0.694288, 0.0986451, 0.0474713, 0.707572, -0.705045, 0.209561, 0.986445, 0.0777875, 0.144485, 0.581366, 0, 0, 0, 1
0.165329, -0.697705, -0.697047, 0.0978877, 0.0557187, 0.712252, -0.699709, 0.210183, 0.984663, 0.0768436, 0.156631, 0.581168, 0, 0, 0, 1
0.173708, -0.693021, -0.699677, 0.097143, 0.0638304, 0.716907, -0.694241, 0.210815, 0.982726, 0.0759342, 0.168768, 0.580957, 0, 0, 0, 1
0.182453, -0.688235, -0.702171, 0.0964443, 0.0716148, 0.721564, -0.688634, 0.211483, 0.980603, 0.0753577, 0.180939, 0.580699, 0, 0, 0, 1
0.191225, -0.683427, -0.704529, 0.0957456, 0.079329, 0.726187, -0.682905, 0.21215, 0.978335, 0.0746987, 0.19308, 0.580441, 0, 0, 0, 1
0.20002, -0.678599, -0.70675, 0.0950469, 0.0869717, 0.730776, -0.677054, 0.212818, 0.975924, 0.0739574, 0.205189, 0.580184, 0, 0, 0, 1
0.208839, -0.673751, -0.708835, 0.0943482, 0.0945413, 0.735331, -0.671082, 0.213485, 0.97337, 0.0731338, 0.217263, 0.579926, 0, 0, 0, 1
0.217678, -0.668884, -0.710782, 0.0936495, 0.102037, 0.73985, -0.66499, 0.214153, 0.970672, 0.0722282, 0.2293, 0.579668, 0, 0, 0, 1
0.226537, -0.663999, -0.712591, 0.0929508, 0.109456, 0.744332, -0.658779, 0.21482, 0.967833, 0.0712407, 0.241298, 0.579411, 0, 0, 0, 1
0.235723, -0.659028, -0.714225, 0.0923049, 0.116488, 0.748797, -0.652482, 0.215519, 0.964814, 0.0706065, 0.253277, 0.579106, 0, 0, 0, 1
0.244992, -0.65402, -0.715708, 0.0916712, 0.123367, 0.753233, -0.646081, 0.216225, 0.961644, 0.0699901, 0.26522, 0.57879, 0, 0, 0, 1
0.254272, -0.648992, -0.717046, 0.0910374, 0.130164, 0.757633, -0.63957, 0.216931, 0.958334, 0.0692911, 0.27712, 0.578475, 0, 0, 0, 1
0.263561, -0.643945, -0.718241, 0.0904037, 0.136877, 0.761998, -0.632948, 0.217638, 0.954882, 0.0685096, 0.288975, 0.578159, 0, 0, 0, 1
0.272858, -0.638881, -0.719291, 0.08977, 0.143507, 0.766326, -0.626219, 0.218344, 0.951291, 0.0676458, 0.300782, 0.577843, 0, 0, 0, 1
0.282161, -0.633799, -0.720198, 0.0891363, 0.15005, 0.770617, -0.619382, 0.21905, 0.94756, 0.0666998, 0.31254, 0.577527, 0, 0, 0, 1
0.291602, -0.628675, -0.720928, 0.088532, 0.15633, 0.774871, -0.612483, 0.219769, 0.943678, 0.0658984, 0.324235, 0.577188, 0, 0, 0, 1
0.301227, -0.623497, -0.721467, 0.0879685, 0.162278, 0.779092, -0.605542, 0.220507, 0.939643, 0.0653273, 0.335863, 0.576817, 0, 0, 0, 1
0.310848, -0.6183, -0.721858, 0.087405, 0.168135, 0.783277, -0.598505, 0.221245, 0.93547, 0.064674, 0.347438, 0.576445, 0, 0, 0, 1
0.320464, -0.613085, -0.722101, 0.0868414, 0.173901, 0.787426, -0.591371, 0.221983, 0.931161, 0.0639387, 0.358958, 0.576073, 0, 0, 0, 1
0.330074, -0.607852, -0.722196, 0.0862779, 0.179575, 0.791537, -0.584142, 0.222721, 0.926717, 0.0631214, 0.370421, 0.575702, 0, 0, 0, 1
0.339675, -0.602604, -0.722142, 0.0857144, 0.185156, 0.795611, -0.576819, 0.223458, 0.922138, 0.0622223, 0.381825, 0.57533, 0, 0, 0, 1
0.349274, -0.597339, -0.721937, 0.0851838, 0.190628, 0.799646, -0.56941, 0.224205, 0.917425, 0.0612583, 0.393165, 0.574953, 0, 0, 0, 1
0.359098, -0.592024, -0.721496, 0.0846626, 0.195583, 0.803629, -0.562074, 0.224958, 0.912576, 0.0607275, 0.404372, 0.574533, 0, 0, 0, 1
0.368909, -0.58669, -0.720903, 0.0841733, 0.200435, 0.807577, -0.554658, 0.22572, 0.907597, 0.0601245, 0.415515, 0.574109, 0, 0, 0, 1
0.3787, -0.581339, -0.720161, 0.083684, 0.20519, 0.811487, -0.547161, 0.226482, 0.902487, 0.0594405, 0.426595, 0.573684, 0, 0, 0, 1
0.38847, -0.575972, -0.719269, 0.0831946, 0.209847, 0.815361, -0.539584, 0.227244, 0.897249, 0.0586756, 0.437609, 0.573259, 0, 0, 0, 1
0.398216, -0.57059, -0.718228, 0.0827053, 0.214406, 0.819197, -0.531928, 0.228006, 0.891882, 0.0578301, 0.448555, 0.572835, 0, 0, 0, 1
0.407938, -0.565193, -0.717038, 0.082216, 0.218865, 0.822994, -0.524194, 0.228767, 0.886388, 0.0569041, 0.459432, 0.57241, 0, 0, 0, 1
0.417738, -0.559777, -0.715643, 0.0817703, 0.22297, 0.826735, -0.51652, 0.229538, 0.880784, 0.0562032, 0.470172, 0.571958, 0, 0, 0, 1
0.427584, -0.554339, -0.714059, 0.081358, 0.226779, 0.830428, -0.508882, 0.230316, 0.875067, 0.0556558, 0.48079, 0.571484, 0, 0, 0, 1
0.437397, -0.548886, -0.712326, 0.0809456, 0.23049, 0.834084, -0.501177, 0.231094, 0.869229, 0.0550291, 0.491338, 0.571009, 0, 0, 0, 1
0.447174, -0.543417, -0.710446, 0.0805332, 0.2341, 0.837703, -0.493407, 0.231872, 0.863269, 0.0543234, 0.501813, 0.570535, 0, 0, 0, 1
0.456913, -0.537935, -0.708418, 0.0801208, 0.237609, 0.841285, -0.485574, 0.23265, 0.857189, 0.0535386, 0.512212, 0.570061, 0, 0, 0, 1
0.466614, -0.532439, -0.706244, 0.0797084, 0.241017, 0.844828, -0.477679, 0.233428, 0.850989, 0.052675, 0.522535, 0.569587, 0, 0, 0, 1
0.47628, -0.526932, -0.703918, 0.0793002, 0.244298, 0.84833, -0.469739, 0.234207, 0.844675, 0.0517612, 0.532771, 0.569111, 0, 0, 0, 1
0.486014, -0.521424, -0.701361, 0.0789662, 0.24706, 0.851756, -0.462031, 0.234993, 0.838303, 0.0512754, 0.542789, 0.568591, 0, 0, 0, 1
0.495701, -0.515901, -0.698661, 0.0786322, 0.249722, 0.855146, -0.454273, 0.235779, 0.831817, 0.0507125, 0.552729, 0.568072, 0, 0, 0, 1
0.505339, -0.510364, -0.695817, 0.0782982, 0.252284, 0.8585, -0.446465, 0.236566, 0.825219, 0.0500728, 0.56259, 0.567552, 0, 0, 0, 1
0.514926, -0.504814, -0.692831, 0.0779642, 0.254744, 0.861816, -0.438609, 0.237352, 0.818509, 0.0493562, 0.57237, 0.567032, 0, 0, 0, 1
0.52446, -0.499252, -0.689702, 0.0776301, 0.257104, 0.865095, -0.430707, 0.238139, 0.811689, 0.0485631, 0.582067, 0.566513, 0, 0, 0, 1
0.53394, -0.493679, -0.686432, 0.0772961, 0.259362, 0.868335, -0.422759, 0.238925, 0.80476, 0.0476934, 0.591681, 0.565993, 0, 0, 0, 1
0.543392, -0.488111, -0.682988, 0.0769972, 0.26133, 0.871516, -0.414929, 0.239712, 0.797767, 0.0469839, 0.601133, 0.565455, 0, 0, 0, 1
0.552817, -0.48255, -0.679366, 0.0767418, 0.262967, 0.874634, -0.407264, 0.240499, 0.790722, 0.0464914, 0.610408, 0.564894, 0, 0, 0, 1
0.562181, -0.476976, -0.675608, 0.0764863, 0.264506, 0.877716, -0.399564, 0.241287, 0.783574, 0.0459246, 0.619599, 0.564333, 0, 0, 0, 1
0.571482, -0.47139, -0.671714, 0.0762308, 0.265947, 0.880762, -0.39183, 0.242074, 0.776325, 0.0452838, 0.628705, 0.563772, 0, 0, 0, 1
0.580719, -0.465793, -0.667684, 0.0759753, 0.267289, 0.883771, -0.384065, 0.242862, 0.768974, 0.0445689, 0.637724, 0.563211, 0, 0, 0, 1
0.58989, -0.460186, -0.66352, 0.0757198, 0.268533, 0.886742, -0.376269, 0.243649, 0.761525, 0.0437801, 0.646655, 0.56265, 0, 0, 0, 1
0.598993, -0.45457, -0.659222, 0.0754644, 0.269677, 0.889676, -0.368443, 0.244436, 0.753977, 0.0429175, 0.655497, 0.562089, 0, 0, 0, 1
0.608034, -0.448985, -0.654757, 0.0752653, 0.270443, 0.892535, -0.360891, 0.24522, 0.746428, 0.0423596, 0.664117, 0.561501, 0, 0, 0, 1
0.617006, -0.443403, -0.650152, 0.0750874, 0.271009, 0.895344, -0.353431, 0.246001, 0.738822, 0.0418724, 0.672599, 0.560903, 0, 0, 0, 1
0.625905, -0.43781, -0.645419, 0.0749096, 0.27148, 0.898118, -0.345951, 0.246783, 0.731123, 0.041314, 0.680993, 0.560305, 0, 0, 0, 1
0.634729, -0.432207, -0.64056, 0.0747317, 0.271858, 0.900856, -0.338453, 0.247564, 0.723334, 0.0406846, 0.689298, 0.559707, 0, 0, 0, 1
0.643476, -0.426594, -0.635575, 0.0745539, 0.272142, 0.903559, -0.330938, 0.248346, 0.715456, 0.0399842, 0.697513, 0.559109, 0, 0, 0, 1
0.652146, -0.420974, -0.630465, 0.074376, 0.272332, 0.906225, -0.323407, 0.249127, 0.707489, 0.0392129, 0.705636, 0.558511, 0, 0, 0, 1
0.660737, -0.415347, -0.625231, 0.0741982, 0.272428, 0.908854, -0.315861, 0.249909, 0.699435, 0.0383709, 0.713665, 0.557913, 0, 0, 0, 1
0.669222, -0.409773, -0.619862, 0.0740862, 0.272133, 0.9114, -0.308698, 0.25068, 0.691438, 0.0379024, 0.721441, 0.557287, 0, 0, 0, 1
0.67762, -0.404199, -0.614374, 0.0739841, 0.271705, 0.913905, -0.301586, 0.251449, 0.68338, 0.0374326, 0.729103, 0.556656, 0, 0, 0, 1
0.685934, -0.398616, -0.608769, 0.073882, 0.271189, 0.916376, -0.294469, 0.252218, 0.675241, 0.0368949, 0.736674, 0.556025, 0, 0, 0, 1
0.694164, -0.393024, -0.603049, 0.0737799, 0.270586, 0.918812, -0.287347, 0.252987, 0.667022, 0.0362894, 0.744153, 0.555394, 0, 0, 0, 1
0.702309, -0.387425, -0.597214, 0.0736779, 0.269895, 0.921213, -0.28022, 0.253756, 0.658726, 0.0356161, 0.75154, 0.554764, 0, 0, 0, 1
0.710365, -0.38182, -0.591265, 0.0735758, 0.269117, 0.923579, -0.273091, 0.254526, 0.650352, 0.0348752, 0.758832, 0.554133, 0, 0, 0, 1
0.718334, -0.376209, -0.585204, 0.0734737, 0.268251, 0.925909, -0.26596, 0.255295, 0.641902, 0.0340668, 0.76603, 0.553502, 0, 0, 0, 1
0.726162, -0.370663, -0.579049, 0.0734342, 0.267048, 0.928159, -0.259243, 0.256049, 0.633541, 0.0336185, 0.772978, 0.552847, 0, 0, 0, 1
0.733891, -0.365123, -0.572791, 0.0734053, 0.265722, 0.930368, -0.252601, 0.2568, 0.625137, 0.0331779, 0.77981, 0.552187, 0, 0, 0, 1
0.741528, -0.359574, -0.566429, 0.0733763, 0.264316, 0.932544, -0.245964, 0.257551, 0.616663, 0.0326726, 0.786549, 0.551528, 0, 0, 0, 1
0.749074, -0.354019, -0.559964, 0.0733474, 0.26283, 0.934687, -0.239333, 0.258302, 0.608119, 0.0321028, 0.793196, 0.550868, 0, 0, 0, 1
0.756525, -0.348458, -0.553396, 0.0733185, 0.261264, 0.936796, -0.23271, 0.259053, 0.599509, 0.0314686, 0.799749, 0.550209, 0, 0, 0, 1
0.763882, -0.342891, -0.546726, 0.0732896, 0.259619, 0.938871, -0.226096, 0.259805, 0.590832, 0.0307701, 0.806208, 0.549549, 0, 0, 0, 1
0.771144, -0.33732, -0.539956, 0.0732606, 0.257894, 0.940912, -0.219491, 0.260556, 0.58209, 0.0300074, 0.812571, 0.54889, 0, 0, 0, 1
0.778256, -0.331809, -0.533124, 0.0732784, 0.25593, 0.942885, -0.213231, 0.261292, 0.573427, 0.029506, 0.818725, 0.548214, 0, 0, 0, 1
0.785245, -0.326323, -0.526217, 0.0733194, 0.253813, 0.94481, -0.207153, 0.26202, 0.564774, 0.0291052, 0.824732, 0.54753, 0, 0, 0, 1
0.792137, -0.32083, -0.519218, 0.0733605, 0.251625, 0.946704, -0.201091, 0.262748, 0.556061, 0.0286432, 0.830648, 0.546846, 0, 0, 0, 1
0.798931, -0.315332, -0.512128, 0.0734015, 0.249365, 0.948565, -0.195044, 0.263476, 0.54729, 0.02812, 0.83647, 0.546162, 0, 0, 0, 1
0.805626, -0.309829, -0.504948, 0.0734425, 0.247034, 0.950393, -0.189015, 0.264204, 0.538462, 0.0275357, 0.8422, 0.545477, 0, 0, 0, 1
0.812221, -0.304323, -0.49768, 0.0734836, 0.244633, 0.952189, -0.183003, 0.264933, 0.529577, 0.0268905, 0.847835, 0.544793, 0, 0, 0, 1
0.818715, -0.298813, -0.490323, 0.0735246, 0.242161, 0.953952, -0.177011, 0.265661, 0.520638, 0.0261843, 0.853376, 0.544109, 0, 0, 0, 1
0.825082, -0.29333, -0.482905, 0.0735848, 0.239565, 0.95567, -0.171185, 0.266381, 0.511712, 0.0255545, 0.858777, 0.543419, 0, 0, 0, 1
0.831284, -0.287916, -0.47547, 0.0736922, 0.23677, 0.957324, -0.165744, 0.267082, 0.502899, 0.0252032, 0.863978, 0.542714, 0, 0, 0, 1
0.837385, -0.282497, -0.467955, 0.0737996, 0.233913, 0.958948, -0.160326, 0.267783, 0.494036, 0.024794, 0.869088, 0.542008, 0, 0, 0, 1
0.843384, -0.277074, -0.460363, 0.073907, 0.230993, 0.960541, -0.154932, 0.268484, 0.485125, 0.0243269, 0.874107, 0.541303, 0, 0, 0, 1
0.849281, -0.271647, -0.452692, 0.0740144, 0.228012, 0.962103, -0.149563, 0.269184, 0.476165, 0.0238021, 0.879034, 0.540598, 0, 0, 0, 1
0.855074, -0.266217, -0.444946, 0.0741218, 0.224969, 0.963633, -0.14422, 0.269885, 0.467159, 0.0232195, 0.883869, 0.539893, 0, 0, 0, 1
0.860763, -0.260785, -0.437125, 0.0742292, 0.221866, 0.965133, -0.138903, 0.270586, 0.458107, 0.0225793, 0.88861, 0.539187, 0, 0, 0, 1
0.866348, -0.255351, -0.429229, 0.0743365, 0.218702, 0.966601, -0.133612, 0.271287, 0.449011, 0.0218815, 0.893258, 0.538482, 0, 0, 0, 1
0.87176, -0.249995, -0.421352, 0.074488, 0.215386, 0.968009, -0.128713, 0.271965, 0.44005, 0.0214532, 0.897717, 0.537765, 0, 0, 0, 1
0.877, -0.244709, -0.413507, 0.0746564, 0.212003, 0.969367, -0.124028, 0.272629, 0.431191, 0.0211082, 0.902014, 0.537048, 0, 0, 0, 1
0.882087, -0.239474, -0.405677, 0.0748231, 0.208603, 0.970682, -0.119421, 0.273286, 0.422382, 0.0207138, 0.906181, 0.536338, 0, 0, 0, 1
0.887024, -0.234288, -0.397866, 0.0749881, 0.205189, 0.971956, -0.114889, 0.273937, 0.413625, 0.0202716, 0.910222, 0.535636, 0, 0, 0, 1
0.891813, -0.229154, -0.390075, 0.0751514, 0.201761, 0.973189, -0.110433, 0.274581, 0.404923, 0.0197834, 0.914137, 0.534941, 0, 0, 0, 1
0.896455, -0.224072, -0.382309, 0.0753131, 0.198322, 0.974383, -0.106052, 0.275218, 0.396278, 0.0192506, 0.917929, 0.534253, 0, 0, 0, 1
0.900954, -0.219042, -0.374569, 0.075473, 0.194874, 0.975537, -0.101746, 0.275849, 0.387692, 0.0186749, 0.9216, 0.533572, 0, 0, 0, 1
0.905313, -0.214065, -0.366858, 0.0756312, 0.191418, 0.976652, -0.0975147, 0.276472, 0.379167, 0.018058, 0.925152, 0.532899, 0, 0, 0, 1
0.909485, -0.209205, -0.359264, 0.0758205, 0.18791, 0.977713, -0.0936374, 0.27707, 0.370846, 0.0176525, 0.928527, 0.532224, 0, 0, 0, 1
0.913494, -0.204434, -0.351761, 0.0760285, 0.184372, 0.978726, -0.09001, 0.27765, 0.362679, 0.0173686, 0.931752, 0.531552, 0, 0, 0, 1
0.917373, -0.199714, -0.344297, 0.0762343, 0.180838, 0.979706, -0.0864508, 0.278222, 0.354575, 0.0170456, 0.934872, 0.530887, 0, 0, 0, 1
0.921126, -0.195045, -0.336874, 0.0764378, 0.177309, 0.980652, -0.0829592, 0.278789, 0.346537, 0.016685, 0.937888, 0.530229, 0, 0, 0, 1
0.924755, -0.190427, -0.329494, 0.0766391, 0.173787, 0.981566, -0.0795345, 0.279349, 0.338565, 0.0162883, 0.940802, 0.529579, 0, 0, 0, 1
0.928262, -0.18586, -0.322158, 0.076838, 0.170272, 0.982448, -0.0761762, 0.279903, 0.330662, 0.0158569, 0.943616, 0.528936, 0, 0, 0, 1
0.931649, -0.181346, -0.31487, 0.0770347, 0.166767, 0.983299, -0.0728837, 0.28045, 0.322829, 0.015392, 0.946332, 0.5283, 0, 0, 0, 1
0.93492, -0.176884, -0.307631, 0.0772291, 0.163273, 0.984119, -0.0696561, 0.280991, 0.315067, 0.0148951, 0.948953, 0.527672, 0, 0, 0, 1
0.938076, -0.172475, -0.300443, 0.0774212, 0.15979, 0.984909, -0.066493, 0.281526, 0.307377, 0.0143676, 0.951479, 0.527051, 0, 0, 0, 1
0.941091, -0.168162, -0.293374, 0.0776315, 0.156307, 0.98566, -0.0635769, 0.28204, 0.299859, 0.0139753, 0.953881, 0.526433, 0, 0, 0, 1
0.943966, -0.163951, -0.286441, 0.0778637, 0.152825, 0.986373, -0.0609392, 0.282532, 0.292529, 0.0137493, 0.956158, 0.525817, 0, 0, 0, 1
0.946737, -0.15979, -0.279565, 0.078093, 0.149362, 0.987059, -0.0583588, 0.283018, 0.285272, 0.013494, 0.958352, 0.525209, 0, 0, 0, 1
0.949407, -0.155679, -0.272748, 0.0783195, 0.145921, 0.987719, -0.0558348, 0.283498, 0.27809, 0.0132103, 0.960464, 0.524608, 0, 0, 0, 1
0.951977, -0.151619, -0.26599, 0.0785432, 0.142502, 0.988355, -0.0533665, 0.283971, 0.270984, 0.0128997, 0.962497, 0.524015, 0, 0, 0, 1
0.954452, -0.14761, -0.259294, 0.078764, 0.139106, 0.988966, -0.0509533, 0.284439, 0.263954, 0.0125632, 0.964453, 0.523429, 0, 0, 0, 1
0.956831, -0.143653, -0.252661, 0.078982, 0.135734, 0.989553, -0.0485943, 0.284901, 0.257002, 0.012202, 0.966334, 0.52285, 0, 0, 0, 1
0.959119, -0.139747, -0.246091, 0.0791972, 0.132387, 0.990117, -0.0462888, 0.285357, 0.250128, 0.0118172, 0.968141, 0.52228, 0, 0, 0, 1
0.961317, -0.135894, -0.239587, 0.0794096, 0.129066, 0.990658, -0.044036, 0.285806, 0.243333, 0.01141, 0.969876, 0.521716, 0, 0, 0, 1
0.963428, -0.132092, -0.23315, 0.0796192, 0.125772, 0.991177, -0.0418353, 0.28625, 0.236619, 0.0109814, 0.97154, 0.52116, 0, 0, 0, 1
0.965453, -0.128343, -0.226781, 0.0798259, 0.122506, 0.991674, -0.0396858, 0.286688, 0.229986, 0.0105327, 0.973137, 0.520612, 0, 0, 0, 1
0.967358, -0.124713, -0.2206, 0.0800601, 0.119273, 0.992139, -0.0378671, 0.287096, 0.223589, 0.0103195, 0.974629, 0.520065, 0, 0, 0, 1
0.969179, -0.121147, -0.214513, 0.0802968, 0.116071, 0.992583, -0.0361484, 0.287494, 0.217302, 0.0101354, 0.976052, 0.519525, 0, 0, 0, 1
0.970923, -0.11763, -0.208498, 0.0805303, 0.112903, 0.993008, -0.0344736, 0.287887, 0.211095, 0.00993122, 0.977415, 0.518992, 0, 0, 0, 1
0.972594, -0.114164, -0.202553, 0.0807605, 0.109768, 0.993414, -0.0328419, 0.288274, 0.204969, 0.00970792, 0.97872, 0.518467, 0, 0, 0, 1
0.974193, -0.110748, -0.196682, 0.0809873, 0.106667, 0.993803, -0.0312526, 0.288655, 0.198924, 0.00946647, 0.979969, 0.51795, 0, 0, 0, 1
0.975721, -0.107382, -0.190884, 0.0812108, 0.103601, 0.994175, -0.0297049, 0.28903, 0.192962, 0.0092078, 0.981163, 0.51744, 0, 0, 0, 1
0.977183, -0.104066, -0.185161, 0.0814309, 0.100571, 0.99453, -0.028198, 0.289401, 0.187083, 0.00893286, 0.982304, 0.516938, 0, 0, 0, 1
0.978578, -0.100802, -0.179513, 0.0816477, 0.097576, 0.994869, -0.0267314, 0.289765, 0.181286, 0.00864256, 0.983392, 0.516443, 0, 0, 0, 1
0.979909, -0.0975876, -0.173941, 0.0818612, 0.094618, 0.995192, -0.0253041, 0.290124, 0.175574, 0.00833781, 0.984431, 0.515956, 0, 0, 0, 1
0.981178, -0.0944245, -0.168445, 0.0820714, 0.091697, 0.9955, -0.0239155, 0.290477, 0.169945, 0.0080195, 0.985421, 0.515477, 0, 0, 0, 1
0.982387, -0.0913123, -0.163027, 0.0822783, 0.0888137, 0.995793, -0.022565, 0.290825, 0.164401, 0.00768849, 0.986364, 0.515005, 0, 0, 0, 1
0.983538, -0.0882512, -0.157687, 0.0824818, 0.0859686, 0.996071, -0.0212516, 0.291167, 0.158943, 0.00734567, 0.98726, 0.514541, 0, 0, 0, 1
0.984632, -0.0852416, -0.152426, 0.0826799, 0.0831624, 0.996336, -0.0199763, 0.291504, 0.153571, 0.00699312, 0.988113, 0.514084, 0, 0, 0, 1
0.985648, -0.0823449, -0.147366, 0.082905, 0.0804199, 0.99658, -0.0189838, 0.291811, 0.148425, 0.00686019, 0.9889, 0.513631, 0, 0, 0, 1
0.986613, -0.0795003, -0.142391, 0.0831254, 0.0777195, 0.996812, -0.018034, 0.292113, 0.143371, 0.00672605, 0.989646, 0.513185, 0, 0, 0, 1
0.987528, -0.0767048, -0.137495, 0.083342, 0.0750602, 0.997032, -0.0171139, 0.292409, 0.1384, 0.00658002, 0.990355, 0.512747, 0, 0, 0, 1
0.988396, -0.0739582, -0.132679, 0.0835548, 0.0724424, 0.997241, -0.0162227, 0.2927, 0.133513, 0.00642283, 0.991026, 0.512317, 0, 0, 0, 1
0.989218, -0.0712609, -0.127943, 0.0837638, 0.0698664, 0.997438, -0.0153598, 0.292986, 0.12871, 0.00625522, 0.991663, 0.511894, 0, 0, 0, 1
0.989996, -0.0686127, -0.123288, 0.083969, 0.0673327, 0.997625, -0.0145245, 0.293267, 0.123992, 0.0060779, 0.992265, 0.511479, 0, 0, 0, 1
0.990732, -0.0660139, -0.118714, 0.0841704, 0.0648414, 0.997801, -0.0137163, 0.293543, 0.119359, 0.00589158, 0.992834, 0.511071, 0, 0, 0, 1
0.991426, -0.0634643, -0.114222, 0.0843681, 0.0623929, 0.997968, -0.0129345, 0.293813, 0.11481, 0.00569695, 0.993371, 0.510672, 0, 0, 0, 1
0.992081, -0.0609641, -0.109811, 0.0845619, 0.0599875, 0.998125, -0.0121784, 0.294078, 0.110348, 0.00549468, 0.993878, 0.51028, 0, 0, 0, 1
0.992698, -0.0585134, -0.105483, 0.084752, 0.0576256, 0.998273, -0.0114475, 0.294338, 0.10597, 0.00528545, 0.994355, 0.509895, 0, 0, 0, 1
0.993279, -0.056112, -0.101237, 0.0849383, 0.0553072, 0.998412, -0.0107412, 0.294593, 0.101679, 0.0050699, 0.994804, 0.509518, 0, 0, 0, 1
0.993824, -0.0537602, -0.0970743, 0.0851208, 0.0530329, 0.998542, -0.0100589, 0.294843, 0.0974736, 0.00484867, 0.995226, 0.509149, 0, 0, 0, 1
0.994336, -0.0514578, -0.0929948, 0.0852995, 0.0508026, 0.998664, -0.00940002, 0.295088, 0.0933543, 0.00462239, 0.995622, 0.508788, 0, 0, 0, 1
0.994816, -0.0492049, -0.0889988, 0.0854744, 0.0486168, 0.998779, -0.00876395, 0.295327, 0.0893213, 0.00439168, 0.995993, 0.508434, 0, 0, 0, 1
0.995264, -0.0470014, -0.0850865, 0.0856455, 0.0464757, 0.998886, -0.00815017, 0.295561, 0.0853748, 0.00415712, 0.99634, 0.508088, 0, 0, 0, 1
0.995684, -0.0448475, -0.0812583, 0.0858128, 0.0443794, 0.998986, -0.00755813, 0.29579, 0.0815149, 0.00391931, 0.996664, 0.507749, 0, 0, 0, 1
0.996075, -0.042743, -0.0775145, 0.0859763, 0.0423282, 0.999079, -0.00698729, 0.296014, 0.0777417, 0.00367881, 0.996967, 0.507419, 0, 0, 0, 1
0.996431, -0.0407244, -0.0739318, 0.0861503, 0.0403481, 0.999164, -0.00657636, 0.296218, 0.0741378, 0.00356988, 0.997242, 0.507094, 0, 0, 0, 1
0.996762, -0.0387629, -0.0704516, 0.0863236, 0.0384199, 0.999242, -0.00621642, 0.296414, 0.0706392, 0.00348954, 0.997496, 0.506776, 0, 0, 0, 1
0.997069, -0.0368492, -0.0670544, 0.0864928, 0.0365373, 0.999315, -0.00587172, 0.296605, 0.0672248, 0.00340453, 0.997732, 0.506466, 0, 0, 0, 1
0.997353, -0.0349833, -0.0637404, 0.0866577, 0.0347003, 0.999382, -0.00554179, 0.296792, 0.0638949, 0.00331531, 0.997951, 0.506164, 0, 0, 0, 1
0.997616, -0.0331652, -0.0605099, 0.0868184, 0.032909, 0.999445, -0.00522616, 0.296974, 0.0606496, 0.00322239, 0.998154, 0.505869, 0, 0, 0, 1
0.99786, -0.031395, -0.0573628, 0.0869748, 0.0311636, 0.999502, -0.00492438, 0.29715, 0.0574888, 0.00312621, 0.998341, 0.505583, 0, 0, 0, 1
0.998084, -0.0296726, -0.0542993, 0.0871271, 0.0294642, 0.999555, -0.00463601, 0.297323, 0.0544128, 0.00302724, 0.998514, 0.505304, 0, 0, 0, 1
0.99829, -0.0279981, -0.0513197, 0.0872752, 0.0278108, 0.999604, -0.00436061, 0.29749, 0.0514214, 0.00292591, 0.998673, 0.505032, 0, 0, 0, 1
0.998479, -0.0263715, -0.0484239, 0.087419, 0.0262036, 0.999648, -0.00409778, 0.297653, 0.0485149, 0.00282267, 0.998818, 0.504769, 0, 0, 0, 1
0.998652, -0.0247927, -0.0456121, 0.0875587, 0.0246427, 0.999689, -0.00384711, 0.297811, 0.0456933, 0.00271791, 0.998952, 0.504513, 0, 0, 0, 1
0.998809, -0.0232617, -0.0428844, 0.0876941, 0.0231282, 0.999726, -0.00360819, 0.297964, 0.0429566, 0.00261206, 0.999074, 0.504264, 0, 0, 0, 1
0.998953, -0.0217786, -0.0402409, 0.0878253, 0.02166, 0.99976, -0.00338065, 0.298112, 0.0403048, 0.0025055, 0.999184, 0.504024, 0, 0, 0, 1
0.999083, -0.0203433, -0.0376816, 0.0879523, 0.0202384, 0.99979, -0.00316412, 0.298256, 0.0377381, 0.0023986, 0.999285, 0.503791, 0, 0, 0, 1
0.9992, -0.0189559, -0.0352067, 0.0880751, 0.0188634, 0.999818, -0.00295823, 0.298395, 0.0352563, 0.00229175, 0.999376, 0.503566, 0, 0, 0, 1
0.999306, -0.0176162, -0.0328162, 0.0881937, 0.017535, 0.999842, -0.00276264, 0.298529, 0.0328597, 0.00218529, 0.999458, 0.503349, 0, 0, 0, 1
0.999401, -0.0163244, -0.0305101, 0.088308, 0.0162533, 0.999865, -0.002577, 0.298658, 0.0305481, 0.00207957, 0.999531, 0.503139, 0, 0, 0, 1
0.999486, -0.0150803, -0.0282886, 0.0884182, 0.0150184, 0.999884, -0.002401, 0.298783, 0.0283216, 0.00197492, 0.999597, 0.502937, 0, 0, 0, 1
0.999562, -0.013884, -0.0261518, 0.0885241, 0.0138303, 0.999902, -0.00223432, 0.298902, 0.0261802, 0.00187165, 0.999655, 0.502743, 0, 0, 0, 1
0.999628, -0.0127355, -0.0240995, 0.0886259, 0.0126891, 0.999917, -0.00207665, 0.299017, 0.024124, 0.00177008, 0.999707, 0.502557, 0, 0, 0, 1
0.999687, -0.0116346, -0.022132, 0.0887234, 0.0115948, 0.999931, -0.00192771, 0.299128, 0.0221529, 0.00167049, 0.999753, 0.502378, 0, 0, 0, 1
0.999739, -0.0105815, -0.0202492, 0.0888167, 0.0105475, 0.999943, -0.00178722, 0.299233, 0.0202669, 0.00157318, 0.999793, 0.502207, 0, 0, 0, 1
0.999784, -0.00957613, -0.0184512, 0.0889058, 0.00954721, 0.999953, -0.00165492, 0.299334, 0.0184662, 0.0014784, 0.999828, 0.502044, 0, 0, 0, 1
0.999823, -0.0086184, -0.016738, 0.0889907, 0.00859398, 0.999962, -0.00153054, 0.29943, 0.0167505, 0.00138642, 0.999859, 0.501888, 0, 0, 0, 1
0.999856, -0.00770833, -0.0151096, 0.0890714, 0.00768784, 0.999969, -0.00141384, 0.299521, 0.0151201, 0.00129748, 0.999885, 0.50174, 0, 0, 0, 1
0.999885, -0.0068459, -0.0135662, 0.0891478, 0.00682883, 0.999976, -0.0013046, 0.299608, 0.0135748, 0.00121181, 0.999907, 0.5016, 0, 0, 0, 1
0.999909, -0.00603109, -0.0121076, 0.0892201, 0.00601697, 0.999981, -0.0012026, 0.299689, 0.0121146, 0.00112964, 0.999926, 0.501468, 0, 0, 0, 1
0.999929, -0.00526389, -0.0107339, 0.0892881, 0.0052523, 0.999986, -0.00110763, 0.299766, 0.0107396, 0.00105117, 0.999942, 0.501343, 0, 0, 0, 1
0.999945, -0.00454427, -0.00944523, 0.0893519, 0.00453485, 0.999989, -0.00101949, 0.299838, 0.00944976, 0.000976597, 0.999955, 0.501226, 0, 0, 0, 1
0.999959, -0.00387223, -0.0082415, 0.0894115, 0.00386463, 0.999992, -0.000937996, 0.299906, 0.00824506, 0.000906107, 0.999966, 0.501117, 0, 0, 0, 1
0.999969, -0.00324774, -0.00712274, 0.0894669, 0.00324167, 0.999994, -0.000862987, 0.299968, 0.00712551, 0.000839871, 0.999974, 0.501015, 0, 0, 0, 1
0.999978, -0.00267078, -0.00608899, 0.0895181, 0.002666, 0.999996, -0.0007943, 0.300026, 0.00609109, 0.00077805, 0.999981, 0.500921, 0, 0, 0, 1
0.999984, -0.00214135, -0.00514024, 0.0895651, 0.00213762, 0.999997, -0.000731788, 0.300079, 0.0051418, 0.000720789, 0.999987, 0.500835, 0, 0, 0, 1
0.999989, -0.00165944, -0.00427652, 0.0896079, 0.00165656, 0.999998, -0.000675316, 0.300128, 0.00427764, 0.000668225, 0.999991, 0.500757, 0, 0, 0, 1
0.999993, -0.00122501, -0.00349783, 0.0896464, 0.00122283, 0.999999, -0.000624761, 0.300171, 0.00349859, 0.00062048, 0.999994, 0.500686, 0, 0, 0, 1
0.999996, -0.000838075, -0.00280418, 0.0896808, 0.000836452, 0.999999, -0.000580013, 0.30021, 0.00280466, 0.000577665, 0.999996, 0.500623, 0, 0, 0, 1
0.999997, -0.000498613, -0.00219557, 0.0897109, 0.000497426, 1, -0.000540974, 0.300244, 0.00219584, 0.00053988, 0.999997, 0.500568, 0, 0, 0, 1
0.999999, -0.000206615, -0.00167202, 0.0897368, 0.000205767, 1, -0.000507556, 0.300274, 0.00167213, 0.000507211, 0.999998, 0.500521, 0, 0, 0, 1
0.999999, 3.79251e-05, -0.00123353, 0.0897585, -3.85168e-05, 1, -0.000479685, 0.300298, 0.00123351, 0.000479732, 0.999999, 0.500481, 0, 0, 0, 1
1, 0.000235015, -0.000880104, 0.089776, -0.000235418, 1, -0.000457299, 0.300318, 0.000879996, 0.000457506, 1, 0.500449, 0, 0, 0, 1
1, 0.000384661, -0.000611742, 0.0897893, -0.00038493, 1, -0.000440348, 0.300333, 0.000611572, 0.000440583, 1, 0.500424, 0, 0, 0, 1
1, 0.000486867, -0.000428448, 0.0897984, -0.00048705, 1, -0.000428794, 0.300343, 0.00042824, 0.000429002, 1, 0.500408, 0, 0, 0, 1
1, 0.000541635, -0.000330226, 0.0898033, -0.000541775, 1, -0.000422609, 0.300349, 0.000329997, 0.000422788, 1, 0.500399, 0, 0, 0, 1
